place_id,category,subcategory,segment,keyword,name,address,route_day,phone,hours
1709502620,한식,찌개,7. 한식 (일반 찌개・탕 전문점),강남구 찌개 배달 맛집,부대찌개대사관 선릉직영점,서울 강남구 선릉로86길 24 지상 1층,1,0507-1363-5980,24시간 영업 연중무휴 연중무휴 펼쳐보기
1454592509,한식,찌개,7. 한식 (일반 찌개・탕 전문점),강남구 찌개 배달 맛집,장독대김치찌개 청담점,"서울 강남구 도산대로94길 33 1층 101호, 103호",1,0507-1472-7764,24시간 영업 펼쳐보기
1711802164,한식,찌개,9. 한식 (기타 전문점：고기 구이・냉면・칼국수 등),강남구 찌개 배달 맛집,냉동고집 삼성점,서울 강남구 삼성로 517 1층 104호,1,0507-1484-5616,영업 중 23:30에 라스트오더 23시 30분에 라스트오더 펼쳐보기 - 주말/공휴일 평일런치메뉴 주문 불가능
1701876820,한식,찌개,9. 한식 (기타 전문점：고기 구이・냉면・칼국수 등),강남구 찌개 배달 맛집,마찌삼 선릉본점,서울 강남구 언주로98길 16 지하1층,1,0507-1328-0602,영업 종료 16:00에 영업 시작 16시 0분에 영업 시작 펼쳐보기
1034438046,한식,찌개,9. 한식 (기타 전문점：고기 구이・냉면・칼국수 등),강남구 찌개 배달 맛집,경복 냉삼 선정릉역본점,서울 강남구 언주로108길 12 1층 102호,1,0507-1395-2441,"영업 중 다음 날 01:30에 영업 종료 다음 날 1시 30분에 영업 종료 펼쳐보기 - 회식, 단체, 모임, 행사, 대관 문의 환영합니다"
1445506871,한식,찌개,9. 한식 (기타 전문점：고기 구이・냉면・칼국수 등),강남구 찌개 배달 맛집,"남산터 청담본점찌개,전골",서울 강남구 선릉로152길 10 1층,1,0507-1390-1982,24시간 영업 연중무휴 연중무휴 펼쳐보기
1764301907,한식,찌개,7. 한식 (일반 찌개・탕 전문점),서초구 찌개 배달 맛집,부대찌개대사관 교대점,서울 서초구 반포대로28길 94 1층 103호 부대찌개대사관,1,02-588-1910,영업 중 24:00에 영업 종료 0시 0분에 영업 종료 펼쳐보기
1030684001,한식,찌개,9. 한식 (기타 전문점：고기 구이・냉면・칼국수 등),서초구 찌개 배달 맛집,진구곱창 강남역본점,서울 서초구 서초대로75길 37 1층 진구곱창,1,0507-1390-3309,영업 중 다음 날 03:00에 영업 종료 다음 날 3시 0분에 영업 종료 펼쳐보기
18364648,한식,찌개,9. 한식 (기타 전문점：고기 구이・냉면・칼국수 등),서초구 찌개 배달 맛집,탐라도야지 교대역본점,서울 서초구 서초대로50길 82 정원빌딩,1,0507-1399-3337,24시간 영업 연중무휴 연중무휴 펼쳐보기
37085684,한식,찌개,9. 한식 (기타 전문점：고기 구이・냉면・칼국수 등),서초구 찌개 배달 맛집,더막창스 강남본점,서울 서초구 서초대로77길 37 서초동월드 106호,1,0507-1459-8593,영업 중 다음 날 04:55에 라스트오더 다음 날 4시 55분에 라스트오더 펼쳐보기 - 😄예약시 연장영업 가능합니다😄
1266244152,한식,찌개,9. 한식 (기타 전문점：고기 구이・냉면・칼국수 등),서초구 찌개 배달 맛집,남산터 신논현점,서울 서초구 사평대로56길 8 1층 나호,1,02-533-1982,24시간 영업 연중무휴 연중무휴 펼쳐보기
11819292,한식,찌개,7. 한식 (일반 찌개・탕 전문점),서초구 찌개 배달 맛집,"장꼬방묵은김치찌개전문찌개,전골",서울 서초구 효령로 364 장꼬방,1,02-522-0035,영업 종료 10:00에 영업 시작 10시 0분에 영업 시작 펼쳐보기
2062009442,한식,찌개,9. 한식 (기타 전문점：고기 구이・냉면・칼국수 등),송파구 찌개 배달 맛집,"석촌한돈가든육류,고기요리",서울 송파구 백제고분로 267,1,0507-1336-3409,영업 중 23:00에 라스트오더 23시 0분에 라스트오더 펼쳐보기 - -
1862524823,한식,찌개,9. 한식 (기타 전문점：고기 구이・냉면・칼국수 등),송파구 찌개 배달 맛집,봉열소곱창 문정본점,서울 송파구 송파대로 111 202c동 148호 봉열소곱창,1,0507-1352-5106,영업 중 23:40에 라스트오더 23시 40분에 라스트오더 펼쳐보기
124002163,한식,찌개,7. 한식 (일반 찌개・탕 전문점),송파구 찌개 배달 맛집,푼양이 부대찌개&김치찌개 가락본점,서울 송파구 송파대로30길 41-5 1층 푼양이 부대&김치찌개,1,0507-1474-1307,영업 종료 10:00에 영업 시작 10시 0분에 영업 시작 펼쳐보기
35021883,한식,찌개,9. 한식 (기타 전문점：고기 구이・냉면・칼국수 등),송파구 찌개 배달 맛집,담은갈비 송파잠실점,서울 송파구 삼전로 93 태정빌딩,1,0507-1304-8053,영업 종료 11:30에 영업 시작 11시 30분에 영업 시작 펼쳐보기 - 브레이크타임 없이 언제나 열려있는 잠실 갈비 맛집
1261272919,한식,찌개,9. 한식 (기타 전문점：고기 구이・냉면・칼국수 등),송파구 찌개 배달 맛집,대장장어 본점,서울 송파구 위례성대로 134 2층,1,0507-1332-0371,영업 종료 11:30에 영업 시작 11시 30분에 영업 시작 펼쳐보기 - 보다 완벽한 서비스를 위해 예약을 추천 드립니다.
1463400620,한식,찌개,9. 한식 (기타 전문점：고기 구이・냉면・칼국수 등),송파구 찌개 배달 맛집,화담,서울 송파구 올림픽로8길 12 화담,1,02-2202-8003,영업 중 23:30에 라스트오더 23시 30분에 라스트오더 펼쳐보기
1291221505,한식,찌개,9. 한식 (기타 전문점：고기 구이・냉면・칼국수 등),강동구 찌개 배달 맛집,강동냉장소곱창뼈구이,서울 강동구 양재대로85길 27 1층,8,0507-1404-9229,영업 중 다음 날 00:00에 라스트오더 다음 날 0시 0분에 라스트오더 펼쳐보기 - 라스트 오더 24:00
1411760761,한식,찌개,7. 한식 (일반 찌개・탕 전문점),강동구 찌개 배달 맛집,마시쏘부대찌개 길동점,서울 강동구 진황도로47길 73 1층,8,0507-1412-5999,영업 종료 11:00에 영업 시작 11시 0분에 영업 시작 펼쳐보기
2054806838,한식,찌개,9. 한식 (기타 전문점：고기 구이・냉면・칼국수 등),강동구 찌개 배달 맛집,박만배아리랑보쌈 천호점,서울 강동구 진황도로 7-1 1층,8,0507-1472-9306,영업 종료 11:00에 영업 시작 11시 0분에 영업 시작 펼쳐보기 - 주말과 공휴일은 브레이크타임이 없습니다.
1518134650,한식,찌개,9. 한식 (기타 전문점：고기 구이・냉면・칼국수 등),강동구 찌개 배달 맛집,석가,서울 강동구 진황도로 4-19 1층,8,0507-1403-0696,"영업 종료 내일 휴무 내일 휴무 펼쳐보기 - 마지막 주문 - 점심 14:20, 저녁 21:00"
33989456,한식,찌개,9. 한식 (기타 전문점：고기 구이・냉면・칼국수 등),강동구 찌개 배달 맛집,예월수족발명가 본점 예가족발,서울 강동구 양재대로 1424 1층,8,507-1419-7757,"영업 중 22:20에 라스트오더 22시 20분에 라스트오더 펼쳐보기 전화번호 0507-1419-7757 안내 복사 홈페이지 https://www.instagram.com/yega_jokbal_official 예약 TV방송정보 생방송투데이 1286회, 14.09.16. "
1085970860,한식,찌개,9. 한식 (기타 전문점：고기 구이・냉면・칼국수 등),강동구 찌개 배달 맛집,"장수촌풍천장어장어,먹장어요리",서울 강동구 올림픽로 812 1층,8,507-1429-8905,"영업 중 21:00에 라스트오더 21시 0분에 라스트오더 펼쳐보기 전화번호 0507-1429-8905 안내 복사 편의 단체 이용 가능, 포장, 예약, 무선 인터넷, 배달, 유아의자, 남/녀 화장실 구분, 주차 정보 더보기 AI 브리핑 실험 단계로 정확하지 않을 수 있어"
2075949127,한식,찌개,9. 한식 (기타 전문점：고기 구이・냉면・칼국수 등),영등포구 찌개 배달 맛집,남산터 여의도점,서울 영등포구 여의대방로67길 18 스타빌딩 지하1층 102호,4,507-1443-2636,"영업 중 20:30에 영업 종료 20시 30분에 영업 종료 펼쳐보기 전화번호 0507-1443-2636 안내 복사 홈페이지 https://www.instagram.com/namsanteo__yeouido 블로그 편의 단체 이용 가능, 포장, 배달, 반려동물 동반, 남/"
19002496,한식,찌개,9. 한식 (기타 전문점：고기 구이・냉면・칼국수 등),영등포구 찌개 배달 맛집,연탄불 영등포구청본점,서울 영등포구 양산로17길 17 연탄불,4,507-1412-8892,"오늘 휴무 매주 일요일 휴무 매주 일요일 휴무 펼쳐보기 전화번호 0507-1412-8892 안내 복사 홈페이지 https://app.catchtable.co.kr/ct/shop/yeontanbul 블로그인스타그램 TV방송정보 식신로드2 11회, 16.05.26. 201"
1601616053,한식,찌개,9. 한식 (기타 전문점：고기 구이・냉면・칼국수 등),영등포구 찌개 배달 맛집,88냉삼 영등포구청직영점,서울 영등포구 당산로32길 1-6 88냉삼 영등포구청직영점,4,507-1402-1614,"영업 중 22:00에 영업 종료 22시 0분에 영업 종료 펼쳐보기 휴무일 05/24 부처님 오신 날, 05/25 대체공휴일(부처님오신날) 안내 전화번호 0507-1402-1614 안내 복사 홈페이지 https://www.instagram.com/88naengsam_se"
1184892160,한식,찌개,9. 한식 (기타 전문점：고기 구이・냉면・칼국수 등),영등포구 찌개 배달 맛집,나무가든 동여의도점,서울 영등포구 여의대방로65길 24 2층,4,507-1475-8978,"영업 중 22:00에 라스트오더 22시 0분에 라스트오더 펼쳐보기 전화번호 0507-1475-8978 안내 복사 홈페이지 https://dailyshot.co/m/item/5033?item=173078&seller=38867 예약홈페이지 편의 단체 이용 가능, 예약, "
1102353847,한식,찌개,9. 한식 (기타 전문점：고기 구이・냉면・칼국수 등),영등포구 찌개 배달 맛집,금돈할망 문래본점,서울 영등포구 도림로129길 6-1 1층 금돈할망,4,507-1376-9418,영업 중 24:00에 영업 종료 0시 0분에 영업 종료 펼쳐보기 전화번호 0507-1376-9418 안내 복사 홈페이지 https://www.instagram.com/gd_halmang/profilecard/?igsh=MTlkcnhmd25zdGR5ag== 홈페이지 편의
1128664114,한식,찌개,9. 한식 (기타 전문점：고기 구이・냉면・칼국수 등),영등포구 찌개 배달 맛집,브라더매운갈비찜 여의도직영점,서울 영등포구 여의대방로69길 7 2층 204호,4,507-1454-1442,"영업 중 21:00에 라스트오더 21시 0분에 라스트오더 펼쳐보기 전화번호 0507-1454-1442 안내 복사 홈페이지 https://www.instagram.com/brother_spicy_galbi_zzim/ 편의 단체 이용 가능, 포장, 배달, 예약, 무선 인터"
1758292957,한식,찌개,9. 한식 (기타 전문점：고기 구이・냉면・칼국수 등),마포구 찌개 배달 맛집,"부대옥 홍대점찌개,전골",서울 마포구 어울마당로 56 201호,3,507-1340-9220,"영업 중 다음 날 00:30에 라스트오더 다음 날 0시 30분에 라스트오더 펼쳐보기 전화번호 0507-1340-9220 안내 복사 편의 단체 이용 가능, 포장, 배달, 예약, 무선 인터넷, 방문접수/출장, 간편결제 정보 더보기 AI 브리핑 실험 단계로 정확하지 않을 수"
1574927616,한식,찌개,9. 한식 (기타 전문점：고기 구이・냉면・칼국수 등),마포구 찌개 배달 맛집,짚불돈 합정,서울 마포구 양화로6길 76 1층,3,507-1361-4531,"영업 중 24:00에 영업 종료 0시 0분에 영업 종료 펼쳐보기 전화번호 0507-1361-4531 안내 복사 홈페이지 https://www.instagram.com/zipbuldon 홈페이지예약 편의 단체 이용 가능, 무선 인터넷, 남/녀 화장실 구분, 대기공간, 예"
1891359961,한식,찌개,9. 한식 (기타 전문점：고기 구이・냉면・칼국수 등),마포구 찌개 배달 맛집,"일만보쌈족발,보쌈",서울 마포구 동교로 104 1층,3,070-4243-2025,"영업 중 21:00에 라스트오더 21시 0분에 라스트오더 펼쳐보기 전화번호 070-4243-2025복사 홈페이지 https://www.instagram.com/ilmanbossam_official 편의 포장, 단체 이용 가능, 무선 인터넷, 배달, 예약, 주차 정보 더"
1505830089,한식,찌개,9. 한식 (기타 전문점：고기 구이・냉면・칼국수 등),마포구 찌개 배달 맛집,"저집 망원점찌개,전골",서울 마포구 월드컵로19길 12 1층 101호,3,507-1383-6964,"영업 중 20:30에 라스트오더 20시 30분에 라스트오더 펼쳐보기 전화번호 0507-1383-6964 안내 복사 편의 포장, 배달 정보 더보기 AI 브리핑 실험 단계로 정확하지 않을 수 있어요. 안내 다양한 리뷰를 종합해 주요 특징을 요약해 드립니다. 저집 망원점은 "
36097863,한식,찌개,9. 한식 (기타 전문점：고기 구이・냉면・칼국수 등),마포구 찌개 배달 맛집,제주삼다돈,서울 마포구 양화로11길 66,3,507-1472-2140,"영업 중 22:00에 영업 종료 22시 0분에 영업 종료 펼쳐보기 전화번호 0507-1472-2140 안내 복사 홈페이지 https://blog.naver.com/jeju3dadon 인스타그램홈페이지 편의 단체 이용 가능, 포장, 배달, 예약, 무선 인터넷, 유아의자,"
1680291472,한식,찌개,9. 한식 (기타 전문점：고기 구이・냉면・칼국수 등),마포구 찌개 배달 맛집,두껍삼 마포직영점,서울 마포구 독막로 331,3,02-588-3092,"영업 중 20:30에 라스트오더 20시 30분에 라스트오더 펼쳐보기 전화번호 02-588-3092복사 홈페이지 http://www.dookupsam.com 페이스북인스타그램 편의 예약, 단체 이용 가능, 포장, 무선 인터넷, 남/녀 화장실 구분, 배달, 대기공간, 유아"
1702970872,한식,찌개,7. 한식 (일반 찌개・탕 전문점),강서구 찌개 배달 맛집,송탄진대광부대찌개,서울 강서구 공항대로 227 1층 115호,2,507-1406-5710,"영업 중 20:30에 라스트오더 20시 30분에 라스트오더 펼쳐보기 전화번호 0507-1406-5710 안내 복사 홈페이지 https://www.instagram.com/jindaekwangmagok 편의 단체 이용 가능, 포장, 배달, 무선 인터넷, 남/녀 화장실 구"
1027042694,한식,찌개,7. 한식 (일반 찌개・탕 전문점),강서구 찌개 배달 맛집,부대찌개대사관 마곡직영점,서울 강서구 마곡중앙6로 11 1층 124,2,507-1415-5980,"영업 중 21:30에 라스트오더 21시 30분에 라스트오더 펼쳐보기 전화번호 0507-1415-5980 안내 복사 홈페이지 https://부대찌개대사관.kr/ 인스타그램블로그 편의 단체 이용 가능, 포장, 배달, 예약, 무선 인터넷, 남/녀 화장실 구분, 유아의자, 대"
1856568829,한식,찌개,9. 한식 (기타 전문점：고기 구이・냉면・칼국수 등),강서구 찌개 배달 맛집,광선집 까치산역 본점,서울 강서구 곰달래로 149 소망빌딩 1층,2,507-1461-0608,영업 중 24:00에 영업 종료 0시 0분에 영업 종료 펼쳐보기 전화번호 0507-1461-0608 안내 복사 홈페이지 https://app.catchtable.co.kr/ct/shop/gwangseonj_B.J 홈페이지인스타그램블로그 TV방송정보 생방송투데이 2980
1841627583,한식,찌개,9. 한식 (기타 전문점：고기 구이・냉면・칼국수 등),강서구 찌개 배달 맛집,중랑등갈비 발산점,서울 강서구 공항대로 291 1층 112,2,507-1498-1563,"영업 중 다음 날 00:10에 라스트오더 다음 날 0시 10분에 라스트오더 펼쳐보기 전화번호 0507-1498-1563 안내 복사 홈페이지 https://www.instagram.com/jungrangribs_balsan 편의 단체 이용 가능, 포장, 배달, 예약, 무"
1924184639,한식,찌개,9. 한식 (기타 전문점：고기 구이・냉면・칼국수 등),강서구 찌개 배달 맛집,"저집 등촌점찌개,전골",서울 강서구 공항대로51길 17-10 1층 저집,2,507-1382-8039,"영업 중 20:00에 라스트오더 20시 0분에 라스트오더 펼쳐보기 전화번호 0507-1382-8039 안내 복사 홈페이지 https://yeomat.com/surl/P/11 인스타그램 편의 포장, 단체 이용 가능, 무선 인터넷, 대기공간, 배달 정보 더보기 AI 브리핑"
1025456619,한식,찌개,7. 한식 (일반 찌개・탕 전문점),강서구 찌개 배달 맛집,"장독대김치찌개 마곡발산역점찌개,전골",서울 강서구 강서로 385 우성에스비타워 1층 117호,2,02-2668-7940,"24시간 영업 펼쳐보기 전화번호 02-2668-7940복사 편의 단체 이용 가능, 포장, 배달, 예약, 남/녀 화장실 구분, 주차 정보 더보기 AI 브리핑 실험 단계로 정확하지 않을 수 있어요. 안내 리뷰를 기반으로 주요 특징을 정리하면 다음과 같습니다. 장독대김치찌개"
1229696372,한식,찌개,9. 한식 (기타 전문점：고기 구이・냉면・칼국수 등),양천구 찌개 배달 맛집,오목교곱창 목동본점,서울 양천구 목동동로 226-13 1층 오목교곱창,2,507-1330-5399,"영업 중 22:00에 라스트오더 22시 0분에 라스트오더 펼쳐보기 전화번호 0507-1330-5399 안내 복사 홈페이지 https://catchtable.co.kr/omokgyo_official 인스타그램 TV방송정보 생방송투데이 3354회, 23.08.09. 202"
1329934860,한식,찌개,9. 한식 (기타 전문점：고기 구이・냉면・칼국수 등),양천구 찌개 배달 맛집,서울꽃삼 신정네거리직영점,서울 양천구 중앙로36길 15 목동힐스테이트아파트 상가 2동 102호,2,02-2646-3615,변동사항 안내🔥 3일 전 주소 서울 양천구 중앙로36길 15 목동힐스테이트아파트 상가 2동 102호 2신정네거리역 3번 출구에서 273m 미터 찾아가는길 신정네거리 먹자골목 초입 시장지나서 공원끼고 골목길로 내려오시면 목동힐스테이트 아파트상가 있습니다. 세븐일레븐 옆에
1136333046,한식,찌개,9. 한식 (기타 전문점：고기 구이・냉면・칼국수 등),양천구 찌개 배달 맛집,김치꽃삼 신월본점,서울 양천구 신월로13길 5 1층,2,507-1428-2156,"영업 중 22:00에 라스트오더 22시 0분에 라스트오더 펼쳐보기 전화번호 0507-1428-2156 안내 복사 홈페이지 https://www.instagram.com/kimchi_kkotsam 편의 단체 이용 가능, 대기공간, 무선 인터넷, 예약, 유아의자, 포장, "
1062949063,한식,찌개,9. 한식 (기타 전문점：고기 구이・냉면・칼국수 등),양천구 찌개 배달 맛집,이린찌개,서울 양천구 은행정로4길 13 1층,2,070-4833-8842,"오늘 휴무 매주 일요일 휴무 매주 일요일 휴무 펼쳐보기 휴무일 05/24 부처님 오신 날, 05/25 대체공휴일(부처님오신날) 안내 전화번호 070-4833-8842복사 편의 무선 인터넷, 단체 이용 가능, 포장, 배달, 대기공간, 간편결제, 주차 정보 더보기 AI 브"
1120021262,한식,찌개,9. 한식 (기타 전문점：고기 구이・냉면・칼국수 등),양천구 찌개 배달 맛집,서울꽃삼 신월직영점,서울 양천구 곰달래로 20 1층,2,02-2606-2153,"영업 중 23:30에 영업 종료 23시 30분에 영업 종료 펼쳐보기 휴무일 05/11, 05/18, 05/26 안내 전화번호 02-2606-2153복사 홈페이지 http://pf.kakao.com/_ryGxan 인스타그램 편의 단체 이용 가능, 무선 인터넷, 남/녀 화"
1928906677,한식,찌개,9. 한식 (기타 전문점：고기 구이・냉면・칼국수 등),양천구 찌개 배달 맛집,영중미나리보쌈 오목교점,서울 양천구 오목로 333 1층 영중미나리보쌈 오목교점,2,507-1313-2649,영업 중 23:30에 영업 종료 23시 30분에 영업 종료 펼쳐보기 전화번호 0507-1313-2649 안내 복사 홈페이지 https://www.instagram.com/yeongjungminari_omk?igsh=M3Bra3dzYjJnamYw&utm_source=qr
1998666930,한식,찌개,7. 한식 (일반 찌개・탕 전문점),종로구 찌개 배달 맛집,다발김치찌개 대학로점,서울 종로구 성균관로 8 2층,5,507-1339-0190,"영업 중 21:00에 영업 종료 21시 0분에 영업 종료 펼쳐보기 전화번호 0507-1339-0190 안내 복사 홈페이지 https://smartstore.naver.com/freshdabal 인스타그램블로그 편의 예약, 무선 인터넷, 포장, 남/녀 화장실 구분, 배달"
1374598059,한식,찌개,9. 한식 (기타 전문점：고기 구이・냉면・칼국수 등),종로구 찌개 배달 맛집,잭아저씨족발보쌈 종로본점,서울 종로구 우정국로2길 34 1층 잭아저씨족발보쌈,5,507-1375-9758,"영업 중 22:30에 영업 종료 22시 30분에 영업 종료 펼쳐보기 전화번호 0507-1375-9758 안내 복사 홈페이지 https://blog.naver.com/mr_jack-jogbalbossam 인스타그램홈페이지 편의 단체 이용 가능, 포장, 배달, 예약, 무선"
1010064951,한식,찌개,7. 한식 (일반 찌개・탕 전문점),종로구 찌개 배달 맛집,준호네부대찌개 성대점,서울 종로구 성균관로5길 9 준호네부대찌개,5,02-743-9997,"영업 중 21:00에 라스트오더 21시 0분에 라스트오더 펼쳐보기 전화번호 02-743-9997복사 편의 단체 이용 가능, 예약, 포장, 무선 인터넷, 배달 정보 더보기 AI 브리핑 실험 단계로 정확하지 않을 수 있어요. 안내 사용자 리뷰를 바탕으로 매력 포인트를 요약"
37441429,한식,찌개,9. 한식 (기타 전문점：고기 구이・냉면・칼국수 등),종로구 찌개 배달 맛집,여진곱,서울 종로구 삼일대로 430 1층,5,02-762-5157,"영업 중 22:00에 라스트오더 22시 0분에 라스트오더 펼쳐보기 전화번호 02-762-5157복사 TV방송정보 생방송투데이 3071회, 22.06.15. 2022년 6월 15일  모둠곱창구이 편의 단체 이용 가능, 포장, 예약, 남/녀 화장실 구분, 배달, 무선 인터"
13156433,한식,찌개,9. 한식 (기타 전문점：고기 구이・냉면・칼국수 등),종로구 찌개 배달 맛집,효자왕족발,서울 종로구 자하문로 31-2,5,507-1443-7602,"영업 중 21:30에 영업 종료 21시 30분에 영업 종료 펼쳐보기 전화번호 0507-1443-7602 안내 복사 홈페이지 https://www.instagram.com/seochonhotpot 편의 예약, 단체 이용 가능, 포장, 배달, 무선 인터넷, 남/녀 화장실 "
11569656,한식,찌개,9. 한식 (기타 전문점：고기 구이・냉면・칼국수 등),종로구 찌개 배달 맛집,삼청동 온마을 두부두부요리,서울 종로구 삼청로 127 온마을,5,02-738-4231,"영업 중 20:30에 라스트오더 20시 30분에 라스트오더 펼쳐보기 전화번호 02-738-4231복사 TV방송정보 식신로드1 174회, 14.03.22. 2014년 3월 22일  서리태모두부/두부젓국 편의 예약, 단체 이용 가능, 포장, 배달, 유아의자, 남/녀 화장실"
1478961865,한식,찌개,9. 한식 (기타 전문점：고기 구이・냉면・칼국수 등),중구 찌개 배달 맛집,"초나정갈비 대흥점육류,고기요리",,5,507-1460-3406,"영업 중 다음 날 01:00에 영업 종료 다음 날 1시 0분에 영업 종료 펼쳐보기 전화번호 0507-1460-3406 안내 복사 편의 단체 이용 가능, 포장, 배달, 방문접수/출장, 예약, 무선 인터넷, 남/녀 화장실 구분, 유아의자, 주차 정보 더보기 메뉴12 메뉴판"
37927805,한식,찌개,9. 한식 (기타 전문점：고기 구이・냉면・칼국수 등),중구 찌개 배달 맛집,나무오향족발,,5,507-1405-1044,"영업 중 23:10에 라스트오더 23시 10분에 라스트오더 펼쳐보기 전화번호 0507-1405-1044 안내 복사 홈페이지 https://www.instagram.com/namu_daeheung 편의 포장, 배달, 남/녀 화장실 구분, 예약, 단체 이용 가능, 무선 인"
16056546,한식,찌개,7. 한식 (일반 찌개・탕 전문점),중구 찌개 배달 맛집,의정부아우네부대찌개,,5,042-254-3648,"영업 중 20:20에 라스트오더 20시 20분에 라스트오더 펼쳐보기 전화번호 042-254-3648복사 정보 더보기 사장님, 플레이스를 무료로 직접 관리하세요! 권한 받기 AI 브리핑 실험 단계로 정확하지 않을 수 있어요. 안내 사용자 리뷰를 바탕으로 주요 특징을 요약"
1925456953,한식,찌개,9. 한식 (기타 전문점：고기 구이・냉면・칼국수 등),중구 찌개 배달 맛집,화로본갈비 오류본점돼지고기구이,,5,507-1328-8606,"영업 중 21:00에 라스트오더 21시 0분에 라스트오더 펼쳐보기 전화번호 0507-1328-8606 안내 복사 편의 단체 이용 가능, 예약, 포장, 배달, 무선 인터넷, 남/녀 화장실 구분, 유아의자, 주차 정보 더보기 메뉴9 메뉴판 이미지로 보기 돼지왕갈비 19,0"
1977706141,한식,찌개,9. 한식 (기타 전문점：고기 구이・냉면・칼국수 등),중구 찌개 배달 맛집,곱창군 대흥점,,5,507-1328-5795,"영업 중 21:00에 라스트오더 21시 0분에 라스트오더 펼쳐보기 전화번호 0507-1328-5795 안내 복사 편의 예약, 무선 인터넷, 남/녀 화장실 구분, 단체 이용 가능, 포장, 배달, 유아의자 정보 더보기 AI 브리핑 실험 단계로 정확하지 않을 수 있어요. 안"
16042772,한식,찌개,9. 한식 (기타 전문점：고기 구이・냉면・칼국수 등),중구 찌개 배달 맛집,돼지마을돼지고기구이,,5,042-253-6755,: 오후 12시~오후 9시 Breaktime : 오후2시30~... 내용 더보기 영업시간 영업 중 21:00에 영업 종료 21시 0분에 영업 종료 펼쳐보기 전화번호 042-253-6755복사 홈페이지 https://blog.naver.com/coolpigtown 편의 
36285579,한식,찌개,9. 한식 (기타 전문점：고기 구이・냉면・칼국수 등),용산구 찌개 배달 맛집,쪽갈비제작소,서울 용산구 이태원로19길 14 1층 쪽갈비제작소,5,507-1373-8368,"영업 중 21:00에 라스트오더 21시 0분에 라스트오더 펼쳐보기 전화번호 0507-1373-8368 안내 복사 홈페이지 https://www.instagram.com/pork_ribs_factory/ 페이스북홈페이지 편의 포장, 배달, 예약, 남/녀 화장실 구분, 무"
36132502,한식,찌개,9. 한식 (기타 전문점：고기 구이・냉면・칼국수 등),용산구 찌개 배달 맛집,열정도고깃집,서울 용산구 백범로87길 55 열정도고깃집,5,507-1409-6331,"영업 중 21:15에 라스트오더 21시 15분에 라스트오더 펼쳐보기 전화번호 0507-1409-6331 안내 복사 홈페이지 https://catchtable.co.kr/yeoljungdogogi 인스타그램 TV방송정보 줄서는식당 41회, 22.11.14. 2022년 1"
1150147993,한식,찌개,9. 한식 (기타 전문점：고기 구이・냉면・칼국수 등),용산구 찌개 배달 맛집,스탠다드원다이너,서울 용산구 서빙고로59길 33 1층,5,507-1319-9055,오늘 휴무 매주 일요일 휴무 매주 일요일 휴무 펼쳐보기 전화번호 0507-1319-9055 안내 복사 홈페이지 https://www.instagram.com/standardonediner?igsh=aDQ5eGRsN3p0dTY%3D&utm_source=qr 편의 단체 이
1957311580,한식,찌개,9. 한식 (기타 전문점：고기 구이・냉면・칼국수 등),용산구 찌개 배달 맛집,솔직한우 용산점,서울 용산구 한강대로17길 15 솔직한우 용산점,5,507-1337-2517,"영업 중 20:30에 라스트오더 20시 30분에 라스트오더 펼쳐보기 전화번호 0507-1337-2517 안내 복사 홈페이지 https://honestbeef.co.kr/ 예약인스타그램 편의 단체 이용 가능, 예약, 남/녀 화장실 구분, 포장, 무선 인터넷, 유아의자, "
1627069301,한식,찌개,9. 한식 (기타 전문점：고기 구이・냉면・칼국수 등),용산구 찌개 배달 맛집,우다움 신용산점,서울 용산구 한강대로40길 26 1층 우다움 82,5,507-1497-1992,"영업 중 21:00에 라스트오더 21시 0분에 라스트오더 펼쳐보기 전화번호 0507-1497-1992 안내 복사 홈페이지 https://www.instagram.com/lighnm_official/ 홈페이지 TV방송정보 토요일은밥이좋아 41회, 22.10.08. 202"
1853312539,한식,찌개,9. 한식 (기타 전문점：고기 구이・냉면・칼국수 등),용산구 찌개 배달 맛집,"오소갈비육류,고기요리",서울 용산구 만리재로 194,5,02-711-7222,"영업 중 21:30에 라스트오더 21시 30분에 라스트오더 펼쳐보기 전화번호 02-711-7222복사 편의 포장, 배달, 남/녀 화장실 구분, 무선 인터넷, 예약, 단체 이용 가능, 유아의자 정보 더보기 AI 브리핑 실험 단계로 정확하지 않을 수 있어요. 안내 사용자 "
2082064418,한식,찌개,7. 한식 (일반 찌개・탕 전문점),성동구 찌개 배달 맛집,송탄진대광부대찌개 성수점,서울 성동구 아차산로 97 201호,6,507-1495-5159,"영업 중 20:00에 라스트오더 20시 0분에 라스트오더 펼쳐보기 전화번호 0507-1495-5159 안내 복사 편의 단체 이용 가능, 포장, 배달, 무선 인터넷, 남/녀 화장실 구분, 간편결제, 주차 정보 더보기 AI 브리핑 실험 단계로 정확하지 않을 수 있어요. 안"
1619315954,한식,찌개,7. 한식 (일반 찌개・탕 전문점),성동구 찌개 배달 맛집,마시쏘부대찌개 상왕십리점,서울 성동구 왕십리로 410 센트라스,6,507-1384-8037,"영업 중 20:30에 라스트오더 20시 30분에 라스트오더 펼쳐보기 전화번호 0507-1384-8037 안내 복사 편의 포장, 배달, 남/녀 화장실 구분, 무선 인터넷, 간편결제, 주차 정보 더보기 AI 브리핑 실험 단계로 정확하지 않을 수 있어요. 안내 이용약관고객센"
1292535938,한식,찌개,9. 한식 (기타 전문점：고기 구이・냉면・칼국수 등),성동구 찌개 배달 맛집,숯골,서울 성동구 왕십리로5길 19 1층,6,02-466-1540,"영업 중 21:00에 라스트오더 21시 0분에 라스트오더 펼쳐보기 전화번호 02-466-1540복사 홈페이지 https://www.instagram.com/sootgol 편의 단체 이용 가능, 남/녀 화장실 구분, 무선 인터넷, 예약, 배달, 포장, 주차 정보 더보기 "
1261287840,한식,찌개,9. 한식 (기타 전문점：고기 구이・냉면・칼국수 등),성동구 찌개 배달 맛집,냉삼부대 왕십리본점,서울 성동구 무학로 10 1층 냉삼부대,6,507-1385-1197,영업 중 22:00에 라스트오더 22시 0분에 라스트오더 펼쳐보기 전화번호 0507-1385-1197 안내 복사 홈페이지 https://app.catchtable.co.kr/ct/shop/naengsamboodae?from=share&type=DINING 인스타그램 편
1377369014,한식,찌개,9. 한식 (기타 전문점：고기 구이・냉면・칼국수 등),성동구 찌개 배달 맛집,열기,서울 성동구 광나루로 302 1층 열기,6,507-1383-9294,"영업 중 22:00에 영업 종료 22시 0분에 영업 종료 펼쳐보기 전화번호 0507-1383-9294 안내 복사 홈페이지 https://www.threads.com/@10__kii 예약인스타그램 편의 예약, 단체 이용 가능, 무선 인터넷, 남/녀 화장실 구분, 포장, "
1673447918,한식,찌개,8. 한식 (해물 찌개・탕 전문점),성동구 찌개 배달 맛집,양평회관 왕십리본점,서울 성동구 마조로7길 16 본점,6,507-1328-7230,"영업 중 24:00에 영업 종료 0시 0분에 영업 종료 펼쳐보기 전화번호 0507-1328-7230 안내 복사 홈페이지 https://www.instagram.com/yangpyeong2018/ 편의 남/녀 화장실 구분, 무선 인터넷, 단체 이용 가능, 배달, 포장, "
2024193572,한식,찌개,9. 한식 (기타 전문점：고기 구이・냉면・칼국수 등),노원구 찌개 배달 맛집,"명인갈비 노원역점육류,고기요리",서울 노원구 노해로81길 12-20 1층,7,507-1380-0121,"영업 중 다음 날 03:00에 라스트오더 다음 날 3시 0분에 라스트오더 펼쳐보기 전화번호 0507-1380-0121 안내 복사 편의 단체 이용 가능, 포장, 배달, 예약 정보 더보기 메뉴16 메뉴판 이미지로 보기 돼지양념구이 250g 13,900원 한돈생삼겹살 150"
1392860167,한식,찌개,7. 한식 (일반 찌개・탕 전문점),노원구 찌개 배달 맛집,"이정림수제햄부대찌개 본점찌개,전골",서울 노원구 공릉로 207 세림빌딩 2층 202호,7,507-1339-3804,"영업 중 21:30에 라스트오더 21시 30분에 라스트오더 펼쳐보기 전화번호 0507-1339-3804 안내 복사 TV방송정보 모닝와이드 8655회, 25.07.11. 2025년 7월 11일  수제햄부대볶찌 펼쳐보기 편의 포장, 배달, 남/녀 화장실 구분, 무선 인터넷"
718464471,한식,찌개,9. 한식 (기타 전문점：고기 구이・냉면・칼국수 등),노원구 찌개 배달 맛집,"김치만선생찌개,전골",서울 노원구 공릉로51길 4,7,02-948-5665,"오늘 휴무 매주 일요일 휴무 매주 일요일 휴무 펼쳐보기 전화번호 02-948-5665복사 편의 포장, 무선 인터넷, 배달 정보 더보기 AI 브리핑 실험 단계로 정확하지 않을 수 있어요. 안내 사용자 리뷰를 요약해 드립니다. 김치만선생은 진한 국물 맛의 김치찌개와 부드러"
19742340,한식,찌개,9. 한식 (기타 전문점：고기 구이・냉면・칼국수 등),노원구 찌개 배달 맛집,"마포생고기육류,고기요리",서울 노원구 동일로190길 39 마포생고기,7,02-979-6776,"24시간 영업 연중무휴 연중무휴 펼쳐보기 전화번호 02-979-6776복사 편의 단체 이용 가능, 포장, 배달, 예약, 남/녀 화장실 구분, 주차 정보 더보기 AI 브리핑 실험 단계로 정확하지 않을 수 있어요. 안내 사용자 리뷰에 기반해 정리한 정보는 다음과 같습니다."
1731008372,한식,찌개,9. 한식 (기타 전문점：고기 구이・냉면・칼국수 등),노원구 찌개 배달 맛집,"돌판생고기육류,고기요리",서울 노원구 공릉로 181 대상빌딩 1층 107호 돌판생고기,7,507-1381-9875,"영업 중 22:00에 라스트오더 22시 0분에 라스트오더 펼쳐보기 전화번호 0507-1381-9875 안내 복사 편의 남/녀 화장실 구분, 무선 인터넷, 단체 이용 가능, 배달, 예약, 포장, 유아의자, 주차 정보 더보기 메뉴16 메뉴판 이미지로 보기 한우 등심 32,"
18032973,한식,찌개,9. 한식 (기타 전문점：고기 구이・냉면・칼국수 등),노원구 찌개 배달 맛집,"청와정육류,고기요리",서울 노원구 동일로 1611 청와정,7,507-1334-9501,"영업 중 21:00에 라스트오더 21시 0분에 라스트오더 펼쳐보기 전화번호 0507-1334-9501 안내 복사 홈페이지 https://catchyable.co.kr 예약 편의 예약, 단체 이용 가능, 포장, 남/녀 화장실 구분, 배달, 무선 인터넷, 유아의자, 대기공"
32308201,한식,찌개,7. 한식 (일반 찌개・탕 전문점),강북구 찌개 배달 맛집,"의정부부대찌개찌개,전골",서울 강북구 도봉로6길 12 1층,7,507-1375-8068,영업 중 22:00에 라스트오더 22시 0분에 라스트오더 펼쳐보기 전화번호 0507-1375-8068 안내 복사 홈페이지 https://www.instagram.com/uijungbudae_mia?igsh=YmpucnEyNGpqb2dn&utm_source=qr 편의 포
1362664138,한식,찌개,9. 한식 (기타 전문점：고기 구이・냉면・칼국수 등),강북구 찌개 배달 맛집,명인갈비 미아점,서울 강북구 솔샘로 327 테마빌딩 1층 101호 명인갈비 미아점,7,507-1333-9299,"영업 중 21:50에 영업 종료 21시 50분에 영업 종료 펼쳐보기 전화번호 0507-1333-9299 안내 복사 홈페이지 https://app.catchtable.co.kr/ct/shop/migbmia 블로그스마트스토어인스타그램 편의 단체 이용 가능, 예약, 포장, "
1858327588,한식,찌개,9. 한식 (기타 전문점：고기 구이・냉면・칼국수 등),강북구 찌개 배달 맛집,금돈돈갈비 수유점,서울 강북구 덕릉로 108 1층,7,02-946-1818,"영업 중 22:10에 영업 종료 22시 10분에 영업 종료 펼쳐보기 전화번호 02-946-1818복사 홈페이지 https://m.place.naver.com/restaurant/1858327588/home?entry=plt 유튜브인스타그램 편의 남/녀 화장실 구분, 유"
17916854,한식,찌개,9. 한식 (기타 전문점：고기 구이・냉면・칼국수 등),강북구 찌개 배달 맛집,수유 섬진강민물장어 본점,서울 강북구 한천로 1151,7,02-993-9545,"영업 중 20:30에 라스트오더 20시 30분에 라스트오더 펼쳐보기 전화번호 02-993-9545복사 홈페이지 https://catchtable.co.kr/sumjingang_1984 인스타그램 편의 단체 이용 가능, 포장, 예약, 배달, 무선 인터넷, 남/녀 화장실 "
1540522631,한식,찌개,9. 한식 (기타 전문점：고기 구이・냉면・칼국수 등),강북구 찌개 배달 맛집,깃든,서울 강북구 월계로7나길 46-5 1층 깃든,7,02-987-1025,"오늘 휴무 매주 일요일 휴무 매주 일요일 휴무 펼쳐보기 전화번호 02-987-1025복사 홈페이지 https://app.catchtable.co.kr/ct/shop/gitdeun_bang 블로그인스타그램 TV방송정보 흑백요리사1 회, 24.09.17. 2024년 9월 "
1192007274,한식,찌개,9. 한식 (기타 전문점：고기 구이・냉면・칼국수 등),강북구 찌개 배달 맛집,무안왕족발 수유재래시장 본점,서울 강북구 도봉로71길 16 무안왕족발 수유재래시장 본점,7,,"곧 영업 종료 21:00에 영업 종료 21시 0분에 영업 종료 펼쳐보기 전화번호 전화번호 보기 안내 편의 단체 이용 가능, 포장, 무선 인터넷, 예약, 배달, 유아의자, 간편결제, 주차 정보 더보기 AI 브리핑 실험 단계로 정확하지 않을 수 있어요. 안내 사용자 리뷰를"
1223372821,한식,찌개,9. 한식 (기타 전문점：고기 구이・냉면・칼국수 등),성북구 찌개 배달 맛집,석호갈비 신설동본점,서울 성북구 보문로 42 1층,7,507-1335-8765,"영업 중 22:00에 영업 종료 22시 0분에 영업 종료 펼쳐보기 전화번호 0507-1335-8765 안내 복사 홈페이지 https://www.instagram.com/_seokhogalbi_ 편의 포장, 배달, 예약, 무선 인터넷, 단체 이용 가능, 남/녀 화장실 구"
36516720,한식,찌개,9. 한식 (기타 전문점：고기 구이・냉면・칼국수 등),성북구 찌개 배달 맛집,김통,서울 성북구 동소문로 124,7,507-1316-4007,"영업 중 23:00에 영업 종료 23시 0분에 영업 종료 펼쳐보기 전화번호 0507-1316-4007 안내 복사 홈페이지 http://kim-tong.com 유튜브블로그 TV방송정보 생방송투데이 3318회, 23.06.16. 2023년 6월 16일  김치찌개 펼쳐보기 "
1906695568,한식,찌개,9. 한식 (기타 전문점：고기 구이・냉면・칼국수 등),성북구 찌개 배달 맛집,꾸이꾸이멱살 성신여대본점,서울 성북구 동소문로22길 25-5 1층,7,507-1365-1217,"오늘 휴무 매주 일요일 휴무 매주 일요일 휴무 펼쳐보기 전화번호 0507-1365-1217 안내 복사 홈페이지 https://www.instagram.com/9292_meoksal 페이스북블로그 TV방송정보 생방송투데이 2661회, 20.09.17. 2020년 9월 1"
35341099,한식,찌개,9. 한식 (기타 전문점：고기 구이・냉면・칼국수 등),성북구 찌개 배달 맛집,잭아저씨족발보쌈 성북월곡점,서울 성북구 화랑로5길 42,7,507-1396-0564,"영업 중 23:00에 영업 종료 23시 0분에 영업 종료 펼쳐보기 전화번호 0507-1396-0564 안내 복사 홈페이지 https://blog.naver.com/mr_jack-jogbalbossam 인스타그램홈페이지 편의 단체 이용 가능, 포장, 배달, 예약, 남/녀"
1630126329,한식,찌개,9. 한식 (기타 전문점：고기 구이・냉면・칼국수 등),성북구 찌개 배달 맛집,경성고기꾼 성신여대점,서울 성북구 동소문로20길 28-10 1층,7,507-1422-0338,"영업 중 22:00에 라스트오더 22시 0분에 라스트오더 펼쳐보기 전화번호 0507-1422-0338 안내 복사 홈페이지 https://talk.naver.com/profile/w4crmj 홈페이지인스타그램 편의 단체 이용 가능, 예약, 무선 인터넷, 대기공간, 포장,"
18280883,한식,찌개,7. 한식 (일반 찌개・탕 전문점),성북구 찌개 배달 맛집,"남매부대찌개찌개,전골",서울 성북구 화랑로11길 27 정우빌딩1층,7,507-1489-5235,"곧 영업 종료 21:00에 영업 종료 21시 0분에 영업 종료 펼쳐보기 전화번호 0507-1489-5235 안내 복사 홈페이지 https://nammaebudae.mycafe24.com 편의 단체 이용 가능, 포장, 배달, 예약, 무선 인터넷, 간편결제, 주차 정보 더"
1131731525,한식,찌개,9. 한식 (기타 전문점：고기 구이・냉면・칼국수 등),광진구 찌개 배달 맛집,상구네솥뚜껑삼겹살 자양본점,서울 광진구 뚝섬로 673 1층,6,507-1330-3982,"영업 중 다음 날 01:00에 라스트오더 다음 날 1시 0분에 라스트오더 펼쳐보기 전화번호 0507-1330-3982 안내 복사 편의 단체 이용 가능, 포장, 배달, 예약, 무선 인터넷, 남/녀 화장실 구분, 유아의자 정보 더보기 AI 브리핑 실험 단계로 정확하지 않을"
13067607,한식,찌개,8. 한식 (해물 찌개・탕 전문점),광진구 찌개 배달 맛집,최원석의돼지한판&서해쭈꾸미 건대1호점,서울 광진구 아차산로 199 성빌딩,6,507-1340-1272,"영업 중 다음 날 00:30에 라스트오더 다음 날 0시 30분에 라스트오더 펼쳐보기 전화번호 0507-1340-1272 안내 복사 홈페이지 http://www.instagram.com/pig_k.o 편의 예약, 단체 이용 가능, 무선 인터넷, 남/녀 화장실 구분, 포장"
20455631,한식,찌개,9. 한식 (기타 전문점：고기 구이・냉면・칼국수 등),광진구 찌개 배달 맛집,최원석의돼지한판&화식한우 구의점,서울 광진구 아차산로 478,6,507-1363-4544,"영업 중 다음 날 00:00에 라스트오더 다음 날 0시 0분에 라스트오더 펼쳐보기 전화번호 0507-1363-4544 안내 복사 홈페이지 http://www.instagram.com/pig_k.o 편의 단체 이용 가능, 남/녀 화장실 구분, 예약, 포장, 무선 인터넷,"
1434254725,한식,찌개,9. 한식 (기타 전문점：고기 구이・냉면・칼국수 등),광진구 찌개 배달 맛집,서울편백찜 광장점,서울 광진구 광장로 83,6,507-1332-2096,"영업 중 20:30에 라스트오더 20시 30분에 라스트오더 펼쳐보기 전화번호 0507-1332-2096 안내 복사 홈페이지 http://seoulzzim.com 인스타그램 편의 예약, 단체 이용 가능, 무선 인터넷, 배달, 포장, 유아의자, 간편결제, 주차 정보 더보기"
38010179,한식,찌개,9. 한식 (기타 전문점：고기 구이・냉면・칼국수 등),광진구 찌개 배달 맛집,맛찌네,서울 광진구 동일로22길 26 태영빌딩 1층,6,507-1410-3348,"영업 중 23:00에 라스트오더 23시 0분에 라스트오더 펼쳐보기 전화번호 0507-1410-3348 안내 복사 홈페이지 https://baemin.me/2jUb3bRBx 편의 예약, 단체 이용 가능, 주차, 포장, 무선 인터넷, 남/녀 화장실 구분 정보 더보기 AI "
1423177580,한식,찌개,9. 한식 (기타 전문점：고기 구이・냉면・칼국수 등),광진구 찌개 배달 맛집,금쪽삼겹 건대점돼지고기구이,서울 광진구 능동로16길 57 1층 금쪽삼겹,6,02-6958-5792,"오늘 휴무 매주 일요일 휴무 매주 일요일 휴무 펼쳐보기 전화번호 02-6958-5792복사 편의 포장, 배달 정보 더보기 AI 브리핑 실험 단계로 정확하지 않을 수 있어요. 안내 사용자 리뷰를 바탕으로 매력 포인트를 요약했습니다. 금쪽삼겹 건대점은 가성비 좋은 고기 전"
20601227,한식,찌개,9. 한식 (기타 전문점：고기 구이・냉면・칼국수 등),동대문구 찌개 배달 맛집,신가네 왕코 등갈비돼지고기구이,서울 동대문구 한천로 202,6,02-2245-4988,"영업 중 다음 날 01:00에 영업 종료 다음 날 1시 0분에 영업 종료 펼쳐보기 전화번호 02-2245-4988복사 편의 포장, 단체 이용 가능, 예약, 무선 인터넷, 배달, 남/녀 화장실 구분, 유아의자, 간편결제 정보 더보기 AI 브리핑 실험 단계로 정확하지 않을"
1101197134,한식,찌개,7. 한식 (일반 찌개・탕 전문점),동대문구 찌개 배달 맛집,소문난의정부부대찌개 고대점,서울 동대문구 안암로22길 5 소문난의정부부대찌개 고대점,6,507-1391-3347,"오늘 휴무 매주 일요일 휴무 매주 일요일 휴무 펼쳐보기 전화번호 0507-1391-3347 안내 복사 홈페이지 https://smartstore.naver.com/kfbuzzi 인스타그램블로그홈페이지예약유튜브 TV방송정보 2TV생생정보 2175회, 24.11.28. 2"
1079376649,한식,찌개,7. 한식 (일반 찌개・탕 전문점),동대문구 찌개 배달 맛집,"김뚜껑부대찌개 본점찌개,전골",서울 동대문구 천호대로85길 28 1층,6,02-6339-4699,"영업 중 21:30에 라스트오더 21시 30분에 라스트오더 펼쳐보기 전화번호 02-6339-4699복사 홈페이지 http://김뚜껑부대찌개.com 편의 포장, 배달, 단체 이용 가능, 남/녀 화장실 구분, 예약, 간편결제, 주차 정보 더보기 AI 브리핑 실험 단계로 정"
1770334939,한식,찌개,8. 한식 (해물 찌개・탕 전문점),동대문구 찌개 배달 맛집,거복이식당 회기 본점,서울 동대문구 경희대로3길 6,6,507-1373-1559,"영업 중 22:30에 라스트오더 22시 30분에 라스트오더 펼쳐보기 전화번호 0507-1373-1559 안내 복사 홈페이지 http://www.instagram.com/geobokye_sikdang 편의 단체 이용 가능, 예약, 무선 인터넷, 포장, 배달, 주차 정보 "
32964326,한식,찌개,9. 한식 (기타 전문점：고기 구이・냉면・칼국수 등),동대문구 찌개 배달 맛집,행복한연탄구이,서울 동대문구 답십리로 145-1 1층,6,507-1427-4863,"영업 중 다음 날 01:00에 영업 종료 다음 날 1시 0분에 영업 종료 펼쳐보기 전화번호 0507-1427-4863 안내 복사 편의 배달, 포장, 반려동물 동반, 유아의자, 단체 이용 가능, 예약, 주차 정보 더보기 AI 브리핑 실험 단계로 정확하지 않을 수 있어요."
1555337866,한식,찌개,9. 한식 (기타 전문점：고기 구이・냉면・칼국수 등),동대문구 찌개 배달 맛집,돈벼락김치삼겹살 장안동본점,서울 동대문구 장한로26길 24 1층,6,507-1374-9597,"영업 중 다음 날 00:20에 라스트오더 다음 날 0시 20분에 라스트오더 펼쳐보기 전화번호 0507-1374-9597 안내 복사 홈페이지 https://blog.naver.com/yammy_pig 인스타그램 편의 단체 이용 가능, 포장, 무선 인터넷, 유아의자, 예약"
1007832020,한식,찌개,9. 한식 (기타 전문점：고기 구이・냉면・칼국수 등),은평구 찌개 배달 맛집,"오가 무쇠철판삼겹 불광점육류,고기요리",서울 은평구 통일로 767 401동 1층 101호,3,02-356-8954,"영업 중 22:00에 라스트오더 22시 0분에 라스트오더 펼쳐보기 전화번호 02-356-8954복사 홈페이지 https://www.instagram.com/ohga0303 편의 포장, 배달, 무선 인터넷, 남/녀 화장실 구분, 유아의자, 단체 이용 가능, 예약, 간편결"
1323396673,한식,찌개,8. 한식 (해물 찌개・탕 전문점),은평구 찌개 배달 맛집,대패상회 역촌점,서울 은평구 역말로 31 1층 대패상회 역촌점,3,507-1495-6613,"영업 중 다음 날 02:00에 라스트오더 다음 날 2시 0분에 라스트오더 펼쳐보기 전화번호 0507-1495-6613 안내 복사 편의 배달, 포장, 무선 인터넷, 단체 이용 가능, 예약, 대기공간, 남/녀 화장실 구분, 주차 정보 더보기 AI 브리핑 실험 단계로 정확하"
1720579332,한식,찌개,8. 한식 (해물 찌개・탕 전문점),은평구 찌개 배달 맛집,"양박부대찌개 &쭈꾸미 역촌본점찌개,전골",서울 은평구 진흥로 121-3 1층,3,02-6439-0578,"영업 중 22:00에 영업 종료 22시 0분에 영업 종료 펼쳐보기 전화번호 02-6439-0578복사 편의 배달, 포장, 예약, 무선 인터넷, 주차 정보 더보기 메뉴13 메뉴판 이미지로 보기 부대찌개 사진 대표 11,000원 왕만두부대찌개 13,000원 우삼겹부대찌개 "
37069554,한식,찌개,9. 한식 (기타 전문점：고기 구이・냉면・칼국수 등),은평구 찌개 배달 맛집,화포식당 연신내점,서울 은평구 연서로29길 20-15 1층,3,507-1428-8591,"영업 중 21:20에 라스트오더 21시 20분에 라스트오더 펼쳐보기 전화번호 0507-1428-8591 안내 복사 홈페이지 https://pf.kakao.com/_Hbxoxjxj 편의 단체 이용 가능, 포장, 배달, 예약, 무선 인터넷, 남/녀 화장실 구분, 유아의자 "
13575328,한식,찌개,9. 한식 (기타 전문점：고기 구이・냉면・칼국수 등),은평구 찌개 배달 맛집,옛날토담집 은평 응암닭볶음탕,서울 은평구 응암로12길 8 옛날토담집,3,507-1312-8530,"영업 중 20:30에 라스트오더 20시 30분에 라스트오더 펼쳐보기 전화번호 0507-1312-8530 안내 복사 홈페이지 https://youtube.com/watch?v=fBxsV4yfZJU&t=96s 편의 단체 이용 가능, 포장, 배달, 남/녀 화장실 구분, 예약"
897287085,한식,찌개,7. 한식 (일반 찌개・탕 전문점),은평구 찌개 배달 맛집,정인호 완벽한 족발보쌈& 국밥,서울 은평구 응암로 287-1 1층,3,507-1441-4116,"24시간 영업 연중무휴 연중무휴 펼쳐보기 전화번호 0507-1441-4116 안내 복사 TV방송정보 2TV생생정보 615회, 18.07.13. 2018년 7월 13일  족발/보쌈 편의 예약, 단체 이용 가능, 포장, 무선 인터넷, 주차 정보 더보기 AI 브리핑 실험 단"
1572238033,한식,찌개,9. 한식 (기타 전문점：고기 구이・냉면・칼국수 등),서대문구 찌개 배달 맛집,화포식당 가재울뉴타운점,서울 서대문구 거북골로 84,3,507-1369-7052,"영업 중 21:30에 라스트오더 21시 30분에 라스트오더 펼쳐보기 전화번호 0507-1369-7052 안내 복사 홈페이지 http://pf.kakao.com/_jxiyxjxj 편의 남/녀 화장실 구분, 무선 인터넷, 유아의자, 예약, 단체 이용 가능, 배달, 포장, "
1757884838,한식,찌개,9. 한식 (기타 전문점：고기 구이・냉면・칼국수 등),서대문구 찌개 배달 맛집,캬센터,서울 서대문구 연희로 180 1층,3,02-6959-0924,"영업 중 22:00에 라스트오더 22시 0분에 라스트오더 펼쳐보기 전화번호 02-6959-0924복사 홈페이지 https://www.instagram.com/caaarcenter/ 편의 단체 이용 가능, 남/녀 화장실 구분, 무선 인터넷, 포장, 예약 정보 더보기 AI"
2010878211,한식,찌개,9. 한식 (기타 전문점：고기 구이・냉면・칼국수 등),서대문구 찌개 배달 맛집,뜯갈비 신촌점,서울 서대문구 연세로5다길 46 1층,3,507-1365-1847,"영업 중 23:15에 라스트오더 23시 15분에 라스트오더 펼쳐보기 전화번호 0507-1365-1847 안내 복사 홈페이지 https://www.instagram.com/ripgalbi_sinchon 편의 단체 이용 가능, 예약, 남/녀 화장실 구분, 무선 인터넷, 포"
11877646,한식,찌개,9. 한식 (기타 전문점：고기 구이・냉면・칼국수 등),서대문구 찌개 배달 맛집,"우미26육류,고기요리",서울 서대문구 통일로 155-1,3,02-364-2141,"오늘 휴무 기본 매주 일요일 휴무 펼쳐보기 전화번호 02-364-2141복사 홈페이지 https://blog.naver.com/rnjsgygy 편의 예약, 단체 이용 가능, 남/녀 화장실 구분, 포장, 배달, 유아의자, 주차 정보 더보기 AI 브리핑 실험 단계로 정확하"
1147126296,한식,찌개,5. 한식 (일반 정식),서대문구 찌개 배달 맛집,연희보리밥,서울 서대문구 연희맛로 33 1층 연희보리밥,3,507-1474-2274,"곧 영업 종료 21:00에 영업 종료 21시 0분에 영업 종료 펼쳐보기 전화번호 0507-1474-2274 안내 복사 홈페이지 https://www.instagram.com/boribab_official 편의 포장, 남/녀 화장실 구분, 무선 인터넷, 배달 정보 더보기"
1160734386,한식,찌개,9. 한식 (기타 전문점：고기 구이・냉면・칼국수 등),서대문구 찌개 배달 맛집,하남돼지집 서대문역점,서울 서대문구 충정로 71-1,3,02-365-8001,"영업 중 다음 날 00:00에 라스트오더 다음 날 0시 0분에 라스트오더 펼쳐보기 전화번호 02-365-8001복사 홈페이지 https://booking.naver.com/ 홈페이지페이스북인스타그램 편의 단체 이용 가능, 예약, 포장, 배달, 무선 인터넷, 남/녀 화장"
1170792433,한식,찜닭,9. 한식 (기타 전문점：고기 구이・냉면・칼국수 등),강남구 찜닭 배달 맛집,동명닭집 논현직영점,서울 강남구 강남대로116길 8 1층,1,507-1470-0382,"영업 중 다음 날 02:30에 라스트오더 다음 날 2시 30분에 라스트오더 펼쳐보기 전화번호 0507-1470-0382 안내 복사 홈페이지 https://blog.naver.com/dmchickenzip 인스타그램 편의 단체 이용 가능, 포장, 배달, 남/녀 화장실 구"
1085392442,한식,찜닭,7. 한식 (일반 찌개・탕 전문점),강남구 찜닭 배달 맛집,논현삼계탕 본점,서울 강남구 도산대로 167,1,,"24시간 영업 연중무휴 연중무휴 펼쳐보기 전화번호 1522-8133복사 편의 단체 이용 가능, 포장, 배달, 무선 인터넷, 예약, 남/녀 화장실 구분, 유아의자, 대기공간, 주차, 발렛파킹 정보 더보기 AI 브리핑 실험 단계로 정확하지 않을 수 있어요. 안내 사용자 리"
1290623221,한식,찜닭,9. 한식 (기타 전문점：고기 구이・냉면・칼국수 등),강남구 찜닭 배달 맛집,삼계옥,서울 강남구 테헤란로83길 42 2층,1,507-1411-0771,"오늘 휴무 매주 일요일 휴무 매주 일요일 휴무 펼쳐보기 전화번호 0507-1411-0771 안내 복사 편의 단체 이용 가능, 포장, 예약, 남/녀 화장실 구분, 유아의자, 배달, 주차 정보 더보기 AI 브리핑 실험 단계로 정확하지 않을 수 있어요. 안내 다양한 리뷰를 "
1091575567,한식,찜닭,9. 한식 (기타 전문점：고기 구이・냉면・칼국수 등),강남구 찜닭 배달 맛집,청담 미미계,서울 강남구 학동로77길 20 1층,1,507-1372-7031,"오늘 휴무 매주 일요일 휴무 매주 일요일 휴무 펼쳐보기 휴무일 05/24-05/25 안내 전화번호 0507-1372-7031 안내 복사 홈페이지 https://www.instagram.com/mimikye3127 홈페이지 편의 단체 이용 가능, 예약, 무선 인터넷, 포"
1252597959,한식,찜닭,7. 한식 (일반 찌개・탕 전문점),강남구 찜닭 배달 맛집,보글지글 부대찌개&닭볶음탕,서울 강남구 선릉로66길 8 1층,1,02-555-9982,"영업 중 20:45에 라스트오더 20시 45분에 라스트오더 펼쳐보기 전화번호 02-555-9982복사 홈페이지 http://instagram.com/boglezigle 편의 포장, 배달, 예약, 무선 인터넷, 간편결제 정보 더보기 AI 브리핑 실험 단계로 정확하지 않을"
382411853,한식,찜닭,9. 한식 (기타 전문점：고기 구이・냉면・칼국수 등),강남구 찜닭 배달 맛집,내가찜한닭 강남역점,서울 강남구 강남대로96길 9 2층 내가찜한닭,1,507-1473-1272,"영업 중 22:00에 영업 종료 22시 0분에 영업 종료 펼쳐보기 전화번호 0507-1473-1272 안내 복사 홈페이지 https://www.instagram.com/premium_jjimdak 편의 단체 이용 가능, 포장, 배달, 남/녀 화장실 구분, 예약, 무선 "
1716687922,한식,찜닭,9. 한식 (기타 전문점：고기 구이・냉면・칼국수 등),서초구 찜닭 배달 맛집,당신이선택한인생치킨 강남점,서울 서초구 강남대로53길 12 2층 208호,1,02-582-7982,영업 중 다음 날 04:00에 라스트오더 다음 날 4시 0분에 라스트오더 펼쳐보기
36413469,한식,찜닭,9. 한식 (기타 전문점：고기 구이・냉면・칼국수 등),서초구 찜닭 배달 맛집,봉추찜닭 교대역점찜닭,서울 서초구 반포대로28길 91 대진빌딩 1층,1,0507-1377-6981,영업 종료 11:00에 영업 시작 11시 0분에 영업 시작 펼쳐보기
1125384724,한식,찜닭,9. 한식 (기타 전문점：고기 구이・냉면・칼국수 등),서초구 찜닭 배달 맛집,두찜 서초양재점,서울 서초구 동산로 46,1,02-577-1192,영업 종료 10:00에 영업 시작 10시 0분에 영업 시작 펼쳐보기
1429643928,한식,찜닭,9. 한식 (기타 전문점：고기 구이・냉면・칼국수 등),서초구 찜닭 배달 맛집,두찜 서초교대점찜닭,서울 서초구 서초중앙로22길 108 1층,1,,영업 종료 10:00에 영업 시작 10시 0분에 영업 시작 펼쳐보기
1042130836,한식,찜닭,9. 한식 (기타 전문점：고기 구이・냉면・칼국수 등),서초구 찜닭 배달 맛집,두찜 서초방배점,서울 서초구 방배로13길 34,1,0507-1378-5263,영업 종료 11:00에 영업 시작 11시 0분에 영업 시작 펼쳐보기
1297212324,한식,찜닭,9. 한식 (기타 전문점：고기 구이・냉면・칼국수 등),서초구 찜닭 배달 맛집,두찜 반포잠원점,서울 서초구 사평대로55길 98-12 1층,1,0507-1361-9983,영업 종료 10:30에 영업 시작 10시 30분에 영업 시작 펼쳐보기
1192869982,한식,찜닭,9. 한식 (기타 전문점：고기 구이・냉면・칼국수 등),송파구 찜닭 배달 맛집,닭집애 현대시티몰 가든파이브한식,"서울 송파구 충민로 66 , B1층",1,0507-1396-7775,영업 종료 10:30에 영업 시작 10시 30분에 영업 시작 펼쳐보기
2050896684,한식,찜닭,9. 한식 (기타 전문점：고기 구이・냉면・칼국수 등),송파구 찜닭 배달 맛집,동명닭집 방이점,서울 송파구 올림픽로32길 18-23 1층,1,0507-1303-1263,영업 중 다음 날 03:00에 영업 종료 다음 날 3시 0분에 영업 종료 펼쳐보기
1870240717,한식,찜닭,9. 한식 (기타 전문점：고기 구이・냉면・칼국수 등),송파구 찜닭 배달 맛집,봉추찜닭 잠실새내점,서울 송파구 올림픽로8길 6 2층,1,02-415-6981,영업 종료 11:00에 영업 시작 11시 0분에 영업 시작 펼쳐보기
275575857,한식,찜닭,9. 한식 (기타 전문점：고기 구이・냉면・칼국수 등),송파구 찜닭 배달 맛집,홍수계찜닭 잠실타워730점찜닭,서울 송파구 송파대로 570 지하1층,1,0507-1481-2528,영업 종료 11:00에 영업 시작 11시 0분에 영업 시작 펼쳐보기
1825961259,한식,찜닭,9. 한식 (기타 전문점：고기 구이・냉면・칼국수 등),송파구 찜닭 배달 맛집,봉추찜닭 방이점찜닭,서울 송파구 오금로11길 11-8 현대드림밸리 106호,1,,영업 종료 10:30에 영업 시작 10시 30분에 영업 시작 펼쳐보기
2036889054,한식,찜닭,9. 한식 (기타 전문점：고기 구이・냉면・칼국수 등),송파구 찜닭 배달 맛집,동궁찜닭 송파 방이점,서울 송파구 위례성대로18길 28-7 1층 동궁찜닭 송파 방이점,1,,영업 중 다음 날 01:00에 영업 종료 다음 날 1시 0분에 영업 종료 펼쳐보기
13159693,한식,찜닭,9. 한식 (기타 전문점：고기 구이・냉면・칼국수 등),강동구 찜닭 배달 맛집,8번가,서울 강동구 천호대로157길 18 원방빌딩 3층,8,0507-1405-9488,영업 중 다음 날 03:00에 영업 종료 다음 날 3시 0분에 영업 종료 펼쳐보기
1196785729,한식,찜닭,9. 한식 (기타 전문점：고기 구이・냉면・칼국수 등),강동구 찜닭 배달 맛집,홀려버린닭 치킨&맥주 둔촌본점,서울 강동구 양재대로89길 82 1층,8,0507-1316-1343,오늘 휴무 매주 일요일 휴무 매주 일요일 휴무 펼쳐보기
1356173095,한식,찜닭,9. 한식 (기타 전문점：고기 구이・냉면・칼국수 등),강동구 찜닭 배달 맛집,맛있는닭한마리닭요리,서울 강동구 양재대로103길 53 1층,8,02-474-6155,영업 종료 11:00에 영업 시작 11시 0분에 영업 시작 펼쳐보기
1968643095,한식,찜닭,9. 한식 (기타 전문점：고기 구이・냉면・칼국수 등),강동구 찜닭 배달 맛집,포차천국 길동역점,서울 강동구 양재대로111길 15 포차천국 길동역점,8,0507-1379-5254,오늘 휴무 격주 일요일 휴무 격주 일요일 휴무 펼쳐보기
1736458438,한식,찜닭,9. 한식 (기타 전문점：고기 구이・냉면・칼국수 등),강동구 찜닭 배달 맛집,동궁찜닭 강동명일점,서울 강동구 양재대로141길 16 1층 101호,8,02-441-9993,영업 종료 10:30에 영업 시작 10시 30분에 영업 시작 펼쳐보기
1107677540,한식,찜닭,9. 한식 (기타 전문점：고기 구이・냉면・칼국수 등),강동구 찜닭 배달 맛집,두찜 강동길동점,서울 강동구 양재대로114길 26,8,02-484-5749,영업 종료 10:00에 영업 시작 10시 0분에 영업 시작 펼쳐보기
1043734612,한식,찜닭,7. 한식 (일반 찌개・탕 전문점),영등포구 찜닭 배달 맛집,여의도삼계탕,서울 영등포구 국제금융로2길 24 2층,4,0507-1444-2043,영업 종료 10:30에 영업 시작 10시 30분에 영업 시작 펼쳐보기
1724675268,한식,찜닭,9. 한식 (기타 전문점：고기 구이・냉면・칼국수 등),영등포구 찜닭 배달 맛집,인생식당닭도리탕한식,서울 영등포구 당산로30길 1 1층,4,0507-1364-8974,영업 종료 11:30에 영업 시작 11시 30분에 영업 시작 펼쳐보기
38276590,한식,찜닭,7. 한식 (일반 찌개・탕 전문점),영등포구 찜닭 배달 맛집,"한방대가삼계탕 여의도점백숙,삼계탕",서울 영등포구 국회대로72길 22 가든빌딩 1층 한방대가삼계탕,4,02-783-7892,영업 종료 10:00에 영업 시작 10시 0분에 영업 시작 펼쳐보기
1517364260,한식,찜닭,9. 한식 (기타 전문점：고기 구이・냉면・칼국수 등),영등포구 찜닭 배달 맛집,닭집애,서울 영등포구 의사당대로 83 오투타워 지하1층,4,0507-1445-8790,오늘 휴무 매주 일요일 휴무 매주 일요일 휴무 펼쳐보기 휴무일 05/24 부처님 오신 날 안내
36511532,한식,찜닭,7. 한식 (일반 찌개・탕 전문점),영등포구 찜닭 배달 맛집,고봉삼계탕,서울 영등포구 국회대로72길 5 여의도 플렉시움 오피스텔,4,02-785-3877,영업 종료 10:00에 영업 시작 10시 0분에 영업 시작 펼쳐보기
1077484825,한식,찜닭,9. 한식 (기타 전문점：고기 구이・냉면・칼국수 등),영등포구 찜닭 배달 맛집,진교동찜닭 영등포점찜닭,서울 영등포구 당산로30길 6 2층 202호,4,,영업 종료 11:00에 영업 시작 11시 0분에 영업 시작 펼쳐보기
33373612,한식,찜닭,9. 한식 (기타 전문점：고기 구이・냉면・칼국수 등),마포구 찜닭 배달 맛집,옹다래찜닭찜닭,서울 마포구 양화로 122,3,0507-1367-8763,영업 종료 11:00에 영업 시작 11시 0분에 영업 시작 펼쳐보기
1957840287,한식,찜닭,9. 한식 (기타 전문점：고기 구이・냉면・칼국수 등),마포구 찜닭 배달 맛집,찜이로닭 상수본점한식,서울 마포구 와우산로 39-21 지1층 좌측호,3,02-6409-0913,오늘 휴무 매주 일요일 휴무 매주 일요일 휴무 펼쳐보기
33646823,한식,찜닭,9. 한식 (기타 전문점：고기 구이・냉면・칼국수 등),마포구 찜닭 배달 맛집,"기웅이닭도리탕,찜닭 & 골뱅이",서울 마포구 월드컵북로48길 13 1층,3,0507-1380-7102,오늘 휴무 매주 일요일 휴무 매주 일요일 휴무 펼쳐보기
929067525,한식,찜닭,9. 한식 (기타 전문점：고기 구이・냉면・칼국수 등),마포구 찜닭 배달 맛집,봉추찜닭 합정교보문고점찜닭,서울 마포구 월드컵로3길 14 B동 지하1층,3,02-336-6981,영업 종료 10:30에 영업 시작 10시 30분에 영업 시작 펼쳐보기
37695398,한식,찜닭,7. 한식 (일반 찌개・탕 전문점),마포구 찜닭 배달 맛집,"지호한방삼계탕 마포대흥역점백숙,삼계탕",서울 마포구 독막로 229 1층,3,02-323-9933,영업 종료 11:00에 영업 시작 11시 0분에 영업 시작 펼쳐보기
1417474318,한식,찜닭,9. 한식 (기타 전문점：고기 구이・냉면・칼국수 등),마포구 찜닭 배달 맛집,봉추찜닭 상암MBC점찜닭,서울 마포구 성암로 267 지하1층,3,02-3152-6981,영업 종료 11:00에 영업 시작 11시 0분에 영업 시작 펼쳐보기
1320001718,한식,찜닭,9. 한식 (기타 전문점：고기 구이・냉면・칼국수 등),강서구 찜닭 배달 맛집,사미식당 마곡본점,"서울 강서구 마곡중앙4로 22 파인스퀘어 A동 107호, 108호",2,0507-1420-2710,영업 종료 11:00에 영업 시작 11시 0분에 영업 시작 펼쳐보기
1978031569,한식,찜닭,9. 한식 (기타 전문점：고기 구이・냉면・칼국수 등),강서구 찜닭 배달 맛집,보끔당 마곡나루역점,"서울 강서구 마곡중앙로 161-11 2층 204호, 205호",2,0507-1312-1559,영업 종료 11:00에 영업 시작 11시 0분에 영업 시작 펼쳐보기
1287433702,한식,찜닭,9. 한식 (기타 전문점：고기 구이・냉면・칼국수 등),강서구 찜닭 배달 맛집,임상표안동찜닭,서울 강서구 강서로17길 21 1층,2,0507-1420-0213,영업 종료 내일 휴무 내일 휴무 펼쳐보기 휴무일 05/11 안내
1200559047,한식,찜닭,9. 한식 (기타 전문점：고기 구이・냉면・칼국수 등),강서구 찜닭 배달 맛집,곱도리탕참맛있는집 강서직영점,서울 강서구 공항대로44길 39 1층,2,0507-1410-2606,영업 중 24:00에 영업 종료 0시 0분에 영업 종료 펼쳐보기
1835858310,한식,찜닭,9. 한식 (기타 전문점：고기 구이・냉면・칼국수 등),강서구 찜닭 배달 맛집,봉추찜닭 발산마곡점,서울 강서구 마곡동로4길 15 엠팰리체호텔 2층 204호,2,02-3665-6981,영업 종료 11:00에 영업 시작 11시 0분에 영업 시작 펼쳐보기
19753644,한식,찜닭,9. 한식 (기타 전문점：고기 구이・냉면・칼국수 등),강서구 찜닭 배달 맛집,봉추찜닭 가양점찜닭,서울 강서구 양천로 583 우림블루나인 A동 3층,2,02-3661-6981,영업 종료 11:00에 영업 시작 11시 0분에 영업 시작 펼쳐보기
1517699225,한식,찜닭,9. 한식 (기타 전문점：고기 구이・냉면・칼국수 등),양천구 찜닭 배달 맛집,동궁찜닭 양천구 신정점,서울 양천구 오목로 148 1층,2,02-2699-1065,영업 종료 10:50에 영업 시작 10시 50분에 영업 시작 펼쳐보기
1711962232,한식,찜닭,9. 한식 (기타 전문점：고기 구이・냉면・칼국수 등),양천구 찜닭 배달 맛집,이층다락방 오목교 본점술집,서울 양천구 오목로 337-15 2층,2,0507-1437-3611,영업 중 다음 날 06:00에 영업 종료 다음 날 6시 0분에 영업 종료 펼쳐보기
1204567606,한식,찜닭,9. 한식 (기타 전문점：고기 구이・냉면・칼국수 등),양천구 찜닭 배달 맛집,두찜 양천목동역점,서울 양천구 신정중앙로23길 10 신정동 2층,2,02-2605-4316,영업 종료 09:30에 영업 시작 9시 30분에 영업 시작 펼쳐보기
1581603706,한식,찜닭,9. 한식 (기타 전문점：고기 구이・냉면・칼국수 등),양천구 찜닭 배달 맛집,두찜 양천신목동점,서울 양천구 목동중앙로7길 8,2,02-2643-9292,영업 종료 11:00에 영업 시작 11시 0분에 영업 시작 펼쳐보기
1429514635,한식,찜닭,9. 한식 (기타 전문점：고기 구이・냉면・칼국수 등),양천구 찜닭 배달 맛집,올인 마싯는끼니 양천구청점,서울 양천구 목동서로 349 센트럴프라자 1층,2,02-2650-8113,오늘 휴무 매주 일요일 휴무 매주 일요일 휴무 펼쳐보기
1471393002,한식,찜닭,9. 한식 (기타 전문점：고기 구이・냉면・칼국수 등),양천구 찜닭 배달 맛집,꼬꼬닭,서울 양천구 목동로15길 5 1층,2,0507-1306-6498,영업 종료 내일 휴무 내일 휴무 펼쳐보기
1541799906,한식,찜닭,9. 한식 (기타 전문점：고기 구이・냉면・칼국수 등),종로구 찜닭 배달 맛집,만도리 신라스테이 광화문,"서울 종로구 율곡로4길 74 1층, 2층",5,0507-1379-0354,영업 종료 11:00에 영업 시작 11시 0분에 영업 시작 펼쳐보기
37837150,한식,찜닭,9. 한식 (기타 전문점：고기 구이・냉면・칼국수 등),종로구 찜닭 배달 맛집,내가찜한닭 대학로점,서울 종로구 대명길 41,5,02-764-1237,영업 종료 10:00에 영업 시작 10시 0분에 영업 시작 펼쳐보기
37379104,한식,찜닭,9. 한식 (기타 전문점：고기 구이・냉면・칼국수 등),종로구 찜닭 배달 맛집,코코닭닭요리,서울 종로구 사직로9가길 3,5,02-723-8180,영업 종료 16:30에 영업 시작 16시 30분에 영업 시작 펼쳐보기 매달 4번째 일요일 정기 휴무
32785152,한식,찜닭,9. 한식 (기타 전문점：고기 구이・냉면・칼국수 등),종로구 찜닭 배달 맛집,봉추찜닭 광화문점,서울 종로구 종로1길 50 더케이트윈타워B동 지하1층,5,02-737-6981,영업 종료 11:00에 영업 시작 11시 0분에 영업 시작 펼쳐보기
1578424814,한식,찜닭,9. 한식 (기타 전문점：고기 구이・냉면・칼국수 등),종로구 찜닭 배달 맛집,봉추찜닭 종로타워점찜닭,,5,,
2007958120,한식,찜닭,9. 한식 (기타 전문점：고기 구이・냉면・칼국수 등),종로구 찜닭 배달 맛집,두찜 종로경복궁점,,5,,
1363117118,한식,찜닭,9. 한식 (기타 전문점：고기 구이・냉면・칼국수 등),중구 찜닭 배달 맛집,봉추찜닭 대전은행동점찜닭,,5,,
2018306803,한식,찜닭,9. 한식 (기타 전문점：고기 구이・냉면・칼국수 등),중구 찜닭 배달 맛집,유천통닭,,5,,
1951611126,한식,찜닭,9. 한식 (기타 전문점：고기 구이・냉면・칼국수 등),중구 찜닭 배달 맛집,두찜 대전대흥점,,5,,
1212210097,한식,찜닭,9. 한식 (기타 전문점：고기 구이・냉면・칼국수 등),중구 찜닭 배달 맛집,두찜 대전유천점,,5,,
1142050228,한식,찜닭,9. 한식 (기타 전문점：고기 구이・냉면・칼국수 등),중구 찜닭 배달 맛집,담꾹 대전목동점,,5,,
1429931357,한식,찜닭,9. 한식 (기타 전문점：고기 구이・냉면・칼국수 등),중구 찜닭 배달 맛집,국대찜닭 유천점,,5,0507-1369-1296,영업 중 24:00에 영업 종료 0시 0분에 영업 종료 펼쳐보기
1131599518,한식,찜닭,9. 한식 (기타 전문점：고기 구이・냉면・칼국수 등),용산구 찜닭 배달 맛집,모던한식당,서울 용산구 신흥로 144 2층,5,02-6012-2573,영업 종료 내일 휴무 내일 휴무 펼쳐보기
2011301141,한식,찜닭,9. 한식 (기타 전문점：고기 구이・냉면・칼국수 등),용산구 찜닭 배달 맛집,쏘주집 한남본점요리주점,서울 용산구 한남대로21길 33 지하1층,5,0507-1365-0422,오늘 휴무 매주 일요일 휴무 매주 일요일 휴무 펼쳐보기
31729012,한식,찜닭,9. 한식 (기타 전문점：고기 구이・냉면・칼국수 등),용산구 찜닭 배달 맛집,봉추찜닭 이촌점찜닭,서울 용산구 이촌로65가길 78,5,02-794-5511,영업 종료 10:00에 영업 시작 10시 0분에 영업 시작 펼쳐보기
11807481,한식,찜닭,9. 한식 (기타 전문점：고기 구이・냉면・칼국수 등),용산구 찜닭 배달 맛집,봉추찜닭 숙대점,서울 용산구 청파로45길 13 1층,5,02-717-6981,영업 종료 10:30에 영업 시작 10시 30분에 영업 시작 펼쳐보기
1433582200,한식,찜닭,9. 한식 (기타 전문점：고기 구이・냉면・칼국수 등),용산구 찜닭 배달 맛집,해방집,서울 용산구 신흥로 136-1 해방집,5,0507-1365-1529,오늘 휴무 매주 일요일 휴무 매주 일요일 휴무 펼쳐보기
1959859545,한식,찜닭,9. 한식 (기타 전문점：고기 구이・냉면・칼국수 등),용산구 찜닭 배달 맛집,봉추찜닭 신용산점찜닭,"서울 용산구 한강대로30길 25 지하1층, 103호",5,02-797-2085,오늘 휴무 매주 일요일 휴무 매주 일요일 휴무 펼쳐보기 휴무일 05/24 부처님 오신 날 안내
37294188,한식,찜닭,9. 한식 (기타 전문점：고기 구이・냉면・칼국수 등),성동구 찜닭 배달 맛집,너찜했닭찜닭,서울 성동구 무학봉15길 27-3 1층,6,02-2295-4517,"오늘 휴무 05/10 휴무 05/10 휴무 펼쳐보기 휴무일 05/24, 05/31 안내"
1755514902,한식,찜닭,9. 한식 (기타 전문점：고기 구이・냉면・칼국수 등),성동구 찜닭 배달 맛집,레인보우포차,서울 성동구 행당로17길 26 2층,6,0507-1363-2069,영업 중 다음 날 05:00에 영업 종료 다음 날 5시 0분에 영업 종료 펼쳐보기
1494959168,한식,찜닭,9. 한식 (기타 전문점：고기 구이・냉면・칼국수 등),성동구 찜닭 배달 맛집,봉추찜닭 성수낙낙점찜닭,서울 성동구 아차산로17길 48 성수낙낙 1층,6,02-498-6981,오늘 휴무 매주 일요일 휴무 매주 일요일 휴무 펼쳐보기
1445717867,한식,찜닭,9. 한식 (기타 전문점：고기 구이・냉면・칼국수 등),성동구 찜닭 배달 맛집,보끔당 성수점,서울 성동구 아차산로 103 영동테크노타워 1층 보끔당 성수점,6,0507-1412-1559,영업 종료 11:00에 영업 시작 11시 0분에 영업 시작 펼쳐보기
1916350461,한식,찜닭,9. 한식 (기타 전문점：고기 구이・냉면・칼국수 등),성동구 찜닭 배달 맛집,닭치고 두루치고 성수뚝도점,서울 성동구 성덕정15길 6-10 1층,6,,오늘 휴무 매주 일요일 휴무 매주 일요일 휴무 펼쳐보기
1768441296,한식,찜닭,9. 한식 (기타 전문점：고기 구이・냉면・칼국수 등),성동구 찜닭 배달 맛집,두찜 한양대점,,6,,
1694544776,한식,찜닭,9. 한식 (기타 전문점：고기 구이・냉면・칼국수 등),노원구 찜닭 배달 맛집,보끔당 노원점,,7,,
35842717,한식,찜닭,9. 한식 (기타 전문점：고기 구이・냉면・칼국수 등),노원구 찜닭 배달 맛집,봉추찜닭 노원점찜닭,서울 노원구 노해로83길 4 은애경빌딩,7,02-939-6981,영업 종료 10:30에 영업 시작 10시 30분에 영업 시작 펼쳐보기
1704655862,한식,찜닭,9. 한식 (기타 전문점：고기 구이・냉면・칼국수 등),노원구 찜닭 배달 맛집,내가찜한닭 서울과기대점,서울 노원구 공릉로 213 102동 105호,7,02-979-1236,영업 종료 11:00에 영업 시작 11시 0분에 영업 시작 펼쳐보기
1678445821,한식,찜닭,9. 한식 (기타 전문점：고기 구이・냉면・칼국수 등),노원구 찜닭 배달 맛집,두찜 노원하계점,서울 노원구 공릉로58길 88 1층 우측,7,0507-1424-7837,정보 수정 영업시간 수정 제안하기 추가
1433810061,한식,찜닭,7. 한식 (일반 찌개・탕 전문점),노원구 찜닭 배달 맛집,명랑부대찌개&낙곱새 중계점,서울 노원구 동일로 1280 상가동 1층 102호,7,0507-1420-5282,영업 종료 10:00에 영업 시작 10시 0분에 영업 시작 펼쳐보기
33618295,한식,찜닭,9. 한식 (기타 전문점：고기 구이・냉면・칼국수 등),노원구 찜닭 배달 맛집,봉추찜닭 중계은행사거리점,서울 노원구 한글비석로 264 중계그랜드프라자112호,7,02-937-6981,영업 종료 내일 휴무 내일 휴무 펼쳐보기
1458262424,한식,찜닭,9. 한식 (기타 전문점：고기 구이・냉면・칼국수 등),강북구 찜닭 배달 맛집,보끔당 수유점,서울 강북구 한천로 1038 천지빌딩 1층,7,02-998-1559,영업 종료 11:00에 영업 시작 11시 0분에 영업 시작 펼쳐보기
1850481619,한식,찜닭,9. 한식 (기타 전문점：고기 구이・냉면・칼국수 등),강북구 찜닭 배달 맛집,계두식 수유역본점,서울 강북구 한천로139길 39 1층 102호,7,0507-1462-1358,24시간 영업 펼쳐보기
1234408748,한식,찜닭,9. 한식 (기타 전문점：고기 구이・냉면・칼국수 등),강북구 찜닭 배달 맛집,동궁찜닭 수유미아점,서울 강북구 도봉로 389 1층 101호,7,0507-1311-9290,영업 종료 10:30에 영업 시작 10시 30분에 영업 시작 펼쳐보기
1261973169,한식,찜닭,9. 한식 (기타 전문점：고기 구이・냉면・칼국수 등),강북구 찜닭 배달 맛집,대동집 미아사거리점,서울 강북구 도봉로6길 8 1층,7,0507-1351-9929,오늘 휴무 매주 일요일 휴무 매주 일요일 휴무 펼쳐보기
1623371948,한식,찜닭,9. 한식 (기타 전문점：고기 구이・냉면・칼국수 등),강북구 찜닭 배달 맛집,두찜 강북수유점,서울 강북구 노해로11길 42,7,02-990-8381,영업 종료 11:00에 영업 시작 11시 0분에 영업 시작 펼쳐보기
37397340,한식,찜닭,9. 한식 (기타 전문점：고기 구이・냉면・칼국수 등),강북구 찜닭 배달 맛집,봉추찜닭 수유점찜닭,서울 강북구 도봉로87길 8,7,02-999-6981,영업 종료 11:00에 영업 시작 11시 0분에 영업 시작 펼쳐보기
1005769607,한식,찜닭,9. 한식 (기타 전문점：고기 구이・냉면・칼국수 등),성북구 찜닭 배달 맛집,두찜 성신여대입구역점,서울 성북구 동소문로20길 37-6 1층 두찜 성신여대입구역점,7,02-929-2242,영업 중 다음 날 03:00에 영업 종료 다음 날 3시 0분에 영업 종료 펼쳐보기
1502543058,한식,찜닭,9. 한식 (기타 전문점：고기 구이・냉면・칼국수 등),성북구 찜닭 배달 맛집,중경당한식,서울 성북구 창경궁로43길 30 1층 중경당,7,0507-1308-8307,영업 종료 11:00에 영업 시작 11시 0분에 영업 시작 펼쳐보기
1500795732,한식,찜닭,9. 한식 (기타 전문점：고기 구이・냉면・칼국수 등),성북구 찜닭 배달 맛집,동궁찜닭 성북삼선점,서울 성북구 삼선교로24길 18 1층,7,0507-1300-3867,영업 종료 10:30에 영업 시작 10시 30분에 영업 시작 펼쳐보기
11605597,한식,찜닭,9. 한식 (기타 전문점：고기 구이・냉면・칼국수 등),성북구 찜닭 배달 맛집,봉추찜닭 고대점찜닭,서울 성북구 고려대로24길 3-3,7,02-922-6981,영업 종료 11:00에 영업 시작 11시 0분에 영업 시작 펼쳐보기
1606260993,한식,찜닭,9. 한식 (기타 전문점：고기 구이・냉면・칼국수 등),성북구 찜닭 배달 맛집,두찜 성북보문점,서울 성북구 보문로 66 1층(동미빌딩),7,02-928-5808,영업 중 다음 날 02:00에 영업 종료 다음 날 2시 0분에 영업 종료 펼쳐보기
1783422400,한식,찜닭,9. 한식 (기타 전문점：고기 구이・냉면・칼국수 등),성북구 찜닭 배달 맛집,두찜 성북월곡점,서울 성북구 오패산로13길 32 1층 하월곡동,7,02-909-1403,영업 종료 11:00에 영업 시작 11시 0분에 영업 시작 펼쳐보기
1592230512,한식,찜닭,9. 한식 (기타 전문점：고기 구이・냉면・칼국수 등),광진구 찜닭 배달 맛집,밍지 황먼지 찜닭찜닭,서울 광진구 능동로13길 75 1층,6,0507-1389-0406,곧 영업 종료 23:55에 영업 종료 23시 55분에 영업 종료 펼쳐보기
37792836,한식,찜닭,9. 한식 (기타 전문점：고기 구이・냉면・칼국수 등),광진구 찜닭 배달 맛집,안동참찜닭 본점찜닭,서울 광진구 동일로20길 117,6,02-499-3530,영업 중 24:00에 영업 종료 0시 0분에 영업 종료 펼쳐보기
1793779283,한식,찜닭,9. 한식 (기타 전문점：고기 구이・냉면・칼국수 등),광진구 찜닭 배달 맛집,내가찜한닭 건국대점찜닭,서울 광진구 아차산로33길 63 2층,6,02-464-1238,영업 종료 10:00에 영업 시작 10시 0분에 영업 시작 펼쳐보기
1160616333,한식,찜닭,9. 한식 (기타 전문점：고기 구이・냉면・칼국수 등),광진구 찜닭 배달 맛집,건대닭도리한식,서울 광진구 아차산로29길 24,6,0507-1407-8725,영업 중 다음 날 04:00에 영업 종료 다음 날 4시 0분에 영업 종료 펼쳐보기
30954900,한식,찜닭,9. 한식 (기타 전문점：고기 구이・냉면・칼국수 등),광진구 찜닭 배달 맛집,봉추찜닭 건대스타시티점찜닭,서울 광진구 아차산로 262 B1층 푸드갤러리,6,02-2024-1377,영업 종료 10:00에 영업 시작 10시 0분에 영업 시작 펼쳐보기
19952169,한식,찜닭,9. 한식 (기타 전문점：고기 구이・냉면・칼국수 등),광진구 찜닭 배달 맛집,장수칡냉면냉면,서울 광진구 능동로38길 3,6,0507-1496-0553,영업 종료 10:00에 영업 시작 10시 0분에 영업 시작 펼쳐보기
19419712,한식,찜닭,9. 한식 (기타 전문점：고기 구이・냉면・칼국수 등),동대문구 찜닭 배달 맛집,봉추찜닭 경희대점,서울 동대문구 회기로19길 17 1층,6,0507-1371-6981,영업 종료 10:30에 영업 시작 10시 30분에 영업 시작 펼쳐보기
1258062609,한식,찜닭,9. 한식 (기타 전문점：고기 구이・냉면・칼국수 등),동대문구 찜닭 배달 맛집,일미리금계찜닭 고대점,서울 동대문구 안암로 144 1층,6,0507-1478-1287,영업 종료 10:30에 영업 시작 10시 30분에 영업 시작 펼쳐보기
1824362088,한식,찜닭,9. 한식 (기타 전문점：고기 구이・냉면・칼국수 등),동대문구 찜닭 배달 맛집,이술집,서울 동대문구 휘경로2길 5-7 1층 우측,6,0507-1382-4076,오늘 휴무 매주 일요일 휴무 매주 일요일 휴무 펼쳐보기
1706234857,한식,찜닭,9. 한식 (기타 전문점：고기 구이・냉면・칼국수 등),동대문구 찜닭 배달 맛집,두찜 동대문청량리점,서울 동대문구 제기로38길 57 1층,6,02-964-9497,영업 중 다음 날 03:00에 영업 종료 다음 날 3시 0분에 영업 종료 펼쳐보기
1078062198,한식,찜닭,7. 한식 (일반 찌개・탕 전문점),동대문구 찜닭 배달 맛집,명랑부대찌개&낙곱새 외대점,서울 동대문구 휘경로 17 1층,6,0507-1355-8421,영업 종료 11:00에 영업 시작 11시 0분에 영업 시작 펼쳐보기
1714083222,한식,찜닭,9. 한식 (기타 전문점：고기 구이・냉면・칼국수 등),동대문구 찜닭 배달 맛집,거거다황먼지 본점,서울 동대문구 안암로24길 9 1층,6,02-926-5888,영업 종료 11:00에 영업 시작 11시 0분에 영업 시작 펼쳐보기
31964075,한식,찜닭,9. 한식 (기타 전문점：고기 구이・냉면・칼국수 등),은평구 찜닭 배달 맛집,대성이네,서울 은평구 은평로13길 11 1층 대성이네,3,0507-1440-9151,오늘 휴무 05/10 휴무 05/10 휴무 펼쳐보기
18136742,한식,찜닭,9. 한식 (기타 전문점：고기 구이・냉면・칼국수 등),은평구 찜닭 배달 맛집,안동유진찜닭 연신내점,서울 은평구 연서로29길 7-23,3,0507-1449-7201,영업 중 24:00에 영업 종료 0시 0분에 영업 종료 펼쳐보기
1480019975,한식,찜닭,9. 한식 (기타 전문점：고기 구이・냉면・칼국수 등),은평구 찜닭 배달 맛집,동궁찜닭 은평연신내점,서울 은평구 연서로29길 14-12 2층 동궁찜닭 은평점,3,0507-1421-3383,영업 종료 10:00에 영업 시작 10시 0분에 영업 시작 펼쳐보기
1443823691,한식,찜닭,9. 한식 (기타 전문점：고기 구이・냉면・칼국수 등),은평구 찜닭 배달 맛집,담꾹 은평신사점밀키트,서울 은평구 은평터널로 196 1층 담꾹 은평신사점,3,0507-1471-0912,24시간 영업 연중무휴 연중무휴 펼쳐보기
37943902,한식,찜닭,9. 한식 (기타 전문점：고기 구이・냉면・칼국수 등),은평구 찜닭 배달 맛집,웅추,서울 은평구 연서로27길 9,3,02-355-0044,정보 수정 영업시간 수정 제안하기 추가
1735464817,한식,찜닭,9. 한식 (기타 전문점：고기 구이・냉면・칼국수 등),은평구 찜닭 배달 맛집,두찜 은평응암점,서울 은평구 응암로14길 4,3,02-304-1835,영업 종료 11:00에 영업 시작 11시 0분에 영업 시작 펼쳐보기
33093065,한식,찜닭,9. 한식 (기타 전문점：고기 구이・냉면・칼국수 등),서대문구 찜닭 배달 맛집,대포찜닭 신촌본점,서울 서대문구 연세로 27-1 대성빌딩 3층,3,0507-1401-6633,오늘 휴무 매주 일요일 휴무 매주 일요일 휴무 펼쳐보기
1282502996,한식,찜닭,9. 한식 (기타 전문점：고기 구이・냉면・칼국수 등),서대문구 찜닭 배달 맛집,인생식당,서울 서대문구 이화여대8길 3 연화프라자 2층,3,0507-1437-9895,곧 영업 종료 24:00에 영업 종료 0시 0분에 영업 종료 펼쳐보기
1338544907,한식,찜닭,9. 한식 (기타 전문점：고기 구이・냉면・칼국수 등),서대문구 찜닭 배달 맛집,봉추찜닭 가재울뉴타운점찜닭,,3,,
1723589238,한식,찜닭,6. 한식 (해물 정식・회 전문점),서대문구 찜닭 배달 맛집,수지상회 신촌점,,3,,
1223026354,한식,찜닭,9. 한식 (기타 전문점：고기 구이・냉면・칼국수 등),서대문구 찜닭 배달 맛집,두찜 서대문남가좌점,,3,,
1032300072,한식,찜닭,9. 한식 (기타 전문점：고기 구이・냉면・칼국수 등),서대문구 찜닭 배달 맛집,두찜 신촌점,,3,,
1456924414,한식,제육,7. 한식 (일반 찌개・탕 전문점),강남구 제육 배달 맛집,블랙국밥 신사점,,1,,
1254425064,한식,제육,5. 한식 (일반 정식),강남구 제육 배달 맛집,해탄 선릉점,,1,,
1704274860,한식,제육,5. 한식 (일반 정식),강남구 제육 배달 맛집,압구정면옥한식,,1,,
2007145517,한식,제육,5. 한식 (일반 정식),강남구 제육 배달 맛집,고봉당 논현역점,,1,,
1010727519,한식,제육,5. 한식 (일반 정식),강남구 제육 배달 맛집,타닥타닥 솥밥 더룸 강남역삼역GFC센터필드본점 점심저녁,서울 강남구 강남대로94길 70 B01층 타닥타닥,1,0507-1395-6673,영업 종료 11:00에 영업 시작 11시 0분에 영업 시작 펼쳐보기
1398214763,한식,제육,5. 한식 (일반 정식),강남구 제육 배달 맛집,"도명골 청국장찌개,전골",서울 강남구 봉은사로114길 38 101호 도명골 청국장,1,0507-1457-7015,오늘 휴무 매주 일요일 휴무 매주 일요일 휴무 펼쳐보기
19717828,한식,제육,5. 한식 (일반 정식),서초구 제육 배달 맛집,시골집청국장 양재본점,서울 서초구 양재천로 109-20 1층 시골집 청국장,1,0507-1322-2798,영업 중 21:00에 라스트오더 21시 0분에 라스트오더 펼쳐보기
37307613,한식,제육,5. 한식 (일반 정식),서초구 제육 배달 맛집,양재오제섞어 양재본점,서울 서초구 바우뫼로41길 8 정훈빌딩,1,0507-1413-1351,영업 종료 11:00에 영업 시작 11시 0분에 영업 시작 펼쳐보기
2034510532,한식,제육,5. 한식 (일반 정식),서초구 제육 배달 맛집,제제집 교대점한식,서울 서초구 서초대로54길 29 1층,1,0507-1415-1675,오늘 휴무 매주 일요일 휴무 매주 일요일 휴무 펼쳐보기
11701239,한식,제육,6. 한식 (해물 정식・회 전문점),서초구 제육 배달 맛집,대풍 간장게장 생선구이생선구이,서울 서초구 신반포로47길 72 우리빌 1층,1,02-518-7357,영업 중 22:00에 영업 종료 22시 0분에 영업 종료 펼쳐보기
1722443845,한식,제육,5. 한식 (일반 정식),서초구 제육 배달 맛집,화설 강남직영점,서울 서초구 서초대로73길 38 1층,1,0507-1393-1254,영업 중 23:00에 영업 종료 23시 0분에 영업 종료 펼쳐보기
1702575978,한식,제육,5. 한식 (일반 정식),송파구 제육 배달 맛집,이배재직화쌈밥 가락직영점,서울 송파구 송이로 139-1 1층,1,0507-1422-8827,영업 종료 11:00에 영업 시작 11시 0분에 영업 시작 펼쳐보기
11706644,한식,제육,5. 한식 (일반 정식),송파구 제육 배달 맛집,묵골쌈밥 본점,서울 송파구 새말로15길 22 1층,1,0507-1337-3859,영업 종료 11:00에 영업 시작 11시 0분에 영업 시작 펼쳐보기
1314748784,한식,제육,5. 한식 (일반 정식),송파구 제육 배달 맛집,논두렁 우렁쌈밥 본점쌈밥,서울 송파구 삼전로 79 동명하이텔,1,02-425-3350,영업 종료 10:30에 영업 시작 10시 30분에 영업 시작 펼쳐보기
1763908159,한식,제육,6. 한식 (해물 정식・회 전문점),송파구 제육 배달 맛집,1990 아구찜 방이본점,서울 송파구 올림픽로32길 56 2층 1990아구찜 방이본점,1,0507-1462-2140,영업 중 22:00에 라스트오더 22시 0분에 라스트오더 펼쳐보기
1748453838,한식,제육,5. 한식 (일반 정식),송파구 제육 배달 맛집,한티옥,서울 송파구 위례성대로 114 1층,1,0507-1469-8389,영업 중 21:00에 라스트오더 21시 0분에 라스트오더 펼쳐보기
1279049379,한식,제육,5. 한식 (일반 정식),강동구 제육 배달 맛집,본 화덕구이,"서울 강동구 고덕비즈밸리로 26 강동U1센터 B동 1층 115, 116호",8,0507-1461-0727,영업 종료 11:00에 영업 시작 11시 0분에 영업 시작 펼쳐보기
1368389319,한식,제육,5. 한식 (일반 정식),강동구 제육 배달 맛집,쌈밥촌,서울 강동구 양재대로89가길 30 키키빌딩 2층,8,02-487-0888,영업 중 21:00에 라스트오더 21시 0분에 라스트오더 펼쳐보기
1946145720,한식,제육,5. 한식 (일반 정식),강동구 제육 배달 맛집,달청 성내본점한식,서울 강동구 성안로3길 128 2층,8,0507-1336-6686,오늘 휴무 매주 일요일 휴무 매주 일요일 휴무 펼쳐보기
1484318886,한식,제육,5. 한식 (일반 정식),강동구 제육 배달 맛집,해송쌈밥쌈밥,서울 강동구 천호대로175길 14 1층 101호,8,02-477-4479,영업 종료 11:30에 영업 시작 11시 30분에 영업 시작 펼쳐보기
18647281,한식,제육,5. 한식 (일반 정식),강동구 제육 배달 맛집,고덕밥집한식,서울 강동구 고덕로 266 114호,8,02-481-7373,오늘 휴무 매주 일요일 휴무 매주 일요일 휴무 펼쳐보기
1889336203,한식,제육,5. 한식 (일반 정식),강동구 제육 배달 맛집,반주락 암사본점,서울 강동구 상암로 14 1층 103호,8,02-427-0779,영업 중 23:00에 영업 종료 23시 0분에 영업 종료 펼쳐보기
1837941291,한식,제육,5. 한식 (일반 정식),영등포구 제육 배달 맛집,장보리 영등포점,"서울 영등포구 문래북로 53 1층, 2층",4,02-2631-9022,영업 종료 11:00에 영업 시작 11시 0분에 영업 시작 펼쳐보기
1638174279,한식,제육,5. 한식 (일반 정식),영등포구 제육 배달 맛집,제로밥상 영등포점,서울 영등포구 국회대로54길 10 13동 113호 제로밥상 영등포점,4,,영업 종료 10:00에 영업 시작 10시 0분에 영업 시작 펼쳐보기
1004568440,한식,제육,5. 한식 (일반 정식),영등포구 제육 배달 맛집,"너도나도식당 영등포구청점백반,가정식",서울 영등포구 당산로 153-1 1층,4,0507-1459-6556,오늘 휴무 매주 일요일 휴무 매주 일요일 휴무 펼쳐보기
11567013,한식,제육,5. 한식 (일반 정식),영등포구 제육 배달 맛집,옛촌민속집한정식,서울 영등포구 여의대방로39길 2,4,02-832-9957,영업 종료 11:00에 영업 시작 11시 0분에 영업 시작 펼쳐보기
13153748,한식,제육,5. 한식 (일반 정식),영등포구 제육 배달 맛집,술선생잭 영등포본점,서울 영등포구 영등포로 238 2층,4,0507-1329-3261,영업 중 다음 날 02:00에 라스트오더 다음 날 2시 0분에 라스트오더 펼쳐보기
1139122230,한식,제육,5. 한식 (일반 정식),영등포구 제육 배달 맛집,"팔팔찌개 영등포점찌개,전골",서울 영등포구 선유동1로2길 8-1 1층,4,0507-1410-0610,영업 종료 11:00에 영업 시작 11시 0분에 영업 시작 펼쳐보기
1438058089,한식,제육,5. 한식 (일반 정식),마포구 제육 배달 맛집,찌개의정석 마포성산동점,서울 마포구 월드컵북로23길 9,3,0507-1447-5840,영업 종료 10:40에 영업 시작 10시 40분에 영업 시작 펼쳐보기
37162689,한식,제육,5. 한식 (일반 정식),마포구 제육 배달 맛집,들풀한상한식,서울 마포구 동교로 156-5,3,02-325-7224,오늘 휴무 매주 일요일 휴무 매주 일요일 휴무 펼쳐보기
1352674026,한식,제육,7. 한식 (일반 찌개・탕 전문점),마포구 제육 배달 맛집,집밥김치찌개 본점,서울 마포구 와우산로13길 25 1층 집밥김치찌개,3,02-332-2866,영업 종료 09:30에 영업 시작 9시 30분에 영업 시작 펼쳐보기
1455299110,한식,제육,6. 한식 (해물 정식・회 전문점),마포구 제육 배달 맛집,이수쭈꾸미 홍대점,서울 마포구 와우산로21길 36-6 1층,3,0507-1354-9594,영업 종료 11:30에 영업 시작 11시 30분에 영업 시작 펼쳐보기
36665426,한식,제육,5. 한식 (일반 정식),마포구 제육 배달 맛집,락희옥 마포본점,서울 마포구 백범로 170 공덕더샵아파트 101동 1층 1호,3,0507-1444-9797,영업 종료 11:00에 영업 시작 11시 0분에 영업 시작 펼쳐보기
1064736730,한식,제육,5. 한식 (일반 정식),마포구 제육 배달 맛집,양화주택 홍대,서울 마포구 양화로8길 32-5 1층,3,0507-1386-7141,영업 종료 내일 휴무 내일 휴무 펼쳐보기
1921716400,한식,제육,5. 한식 (일반 정식),강서구 제육 배달 맛집,해탄 발산마곡 본점,서울 강서구 마곡중앙6로 85 2층 201호 해탄 발산마곡 본점,2,0507-1329-7040,영업 종료 11:00에 영업 시작 11시 0분에 영업 시작 펼쳐보기
1500916502,한식,제육,5. 한식 (일반 정식),강서구 제육 배달 맛집,다채우렁돌솥쌈밥한식,서울 강서구 화곡로20길 12 1층 다채,2,02-2608-0008,오늘 휴무 매달 2번째 일요일 휴무 매달 2번째 일요일 휴무 펼쳐보기
2097721794,한식,제육,7. 한식 (일반 찌개・탕 전문점),강서구 제육 배달 맛집,구대장국밥 본점,"서울 강서구 마곡중앙로 161-8 두산더랜드파크 C동 1층 107,108호",2,02-3661-9882,오늘 휴무 매주 일요일 휴무 매주 일요일 휴무 펼쳐보기
2048577755,한식,제육,5. 한식 (일반 정식),강서구 제육 배달 맛집,곤드레밥상,서울 강서구 공항대로 213 1층 105호,2,0507-1442-5662,오늘 휴무 매주 일요일 휴무 매주 일요일 휴무 펼쳐보기
1724205754,한식,제육,5. 한식 (일반 정식),강서구 제육 배달 맛집,웰빙밥상,서울 강서구 화곡로43길 8 1층,2,0507-1360-6360,영업 종료 11:00에 영업 시작 11시 0분에 영업 시작 펼쳐보기
1816183194,한식,제육,5. 한식 (일반 정식),양천구 제육 배달 맛집,시우네2.5닭갈비 목동점한식,서울 양천구 은행정로4길 20,2,02-2062-4044,오늘 휴무 매주 일요일 휴무 매주 일요일 휴무 펼쳐보기
1015407638,한식,제육,5. 한식 (일반 정식),양천구 제육 배달 맛집,소소연,서울 양천구 목동중앙로 43 글로리파크 1층 102호 소소연,2,,오늘 휴무 매주 일요일 휴무 매주 일요일 휴무 펼쳐보기
1971047556,한식,제육,5. 한식 (일반 정식),양천구 제육 배달 맛집,오봉집 오목교점,"서울 양천구 오목로 337-10 201호,202호",2,0507-1437-8334,영업 종료 내일 휴무 내일 휴무 펼쳐보기
1665997398,한식,제육,6. 한식 (해물 정식・회 전문점),양천구 제육 배달 맛집,순백회관 목동본점,"서울 양천구 오목로 337-20 1층, 2층",2,02-2646-4885,24시간 영업 펼쳐보기
1515832558,한식,제육,5. 한식 (일반 정식),양천구 제육 배달 맛집,남춘네숯불닭갈비 염창직영점,서울 양천구 목동중앙북로 100 1층 남춘네숯불닭갈비 염창직영점,2,0507-1312-2668,곧 영업 종료 24:00에 영업 종료 0시 0분에 영업 종료 펼쳐보기
2087783356,한식,제육,5. 한식 (일반 정식),양천구 제육 배달 맛집,행복한우동가게 신정네거리역점분식,서울 양천구 중앙로 257 1층,2,02-2601-9980,영업 중 다음 날 02:00에 라스트오더 다음 날 2시 0분에 라스트오더 펼쳐보기
11722122,한식,제육,5. 한식 (일반 정식),종로구 제육 배달 맛집,평안도만두집한식,서울 종로구 새문안로3길 30 지하104호 평안도만두집,5,02-723-6592,오늘 휴무 매주 일요일 휴무 매주 일요일 휴무 펼쳐보기
1044037751,한식,제육,5. 한식 (일반 정식),종로구 제육 배달 맛집,고봉당 혜화대학로본점,서울 종로구 대명1길 8 1층 고봉당 혜화대학로점,5,0507-1396-7864,영업 종료 11:30에 영업 시작 11시 30분에 영업 시작 펼쳐보기
1883490486,한식,제육,5. 한식 (일반 정식),종로구 제육 배달 맛집,서울88맥주 본점,서울 종로구 율곡로8길 102 1층 서울88맥주,5,02-744-4440,곧 영업 종료 24:00에 영업 종료 0시 0분에 영업 종료 펼쳐보기
1553128783,한식,제육,5. 한식 (일반 정식),종로구 제육 배달 맛집,육결 종로본점,서울 종로구 삼일대로15길 22 지상1층~지상2층,5,0507-1385-0682,오늘 휴무 매주 일요일 휴무 매주 일요일 휴무 펼쳐보기
1407678373,한식,제육,5. 한식 (일반 정식),종로구 제육 배달 맛집,꿀밥상한정식,서울 종로구 삼청로 101 1층,5,0507-1417-9801,영업 종료 11:00에 영업 시작 11시 0분에 영업 시작 펼쳐보기
1871661713,한식,제육,5. 한식 (일반 정식),종로구 제육 배달 맛집,신사동인동 안녕인사동점,"서울 종로구 인사동길 49 인싸골 4층 407, 408호",5,0507-1353-1240,오늘 휴무 매주 일요일 휴무 매주 일요일 휴무 펼쳐보기
16079860,한식,제육,6. 한식 (해물 정식・회 전문점),중구 제육 배달 맛집,동소예생선구이,,5,042-253-0606,곧 영업 종료 24:00에 영업 종료 0시 0분에 영업 종료 펼쳐보기
1543732192,한식,제육,5. 한식 (일반 정식),중구 제육 배달 맛집,골목집,,5,,오늘 휴무 매주 일요일 휴무 매주 일요일 휴무 펼쳐보기
2047467333,한식,제육,7. 한식 (일반 찌개・탕 전문점),중구 제육 배달 맛집,국밥한그릇 그리고 냉면,,5,0507-1493-0029,영업 종료 11:00에 영업 시작 11시 0분에 영업 시작 펼쳐보기
38737220,한식,제육,5. 한식 (일반 정식),중구 제육 배달 맛집,한신포차 대전 대흥점포장마차,,5,042-223-1232,영업 중 다음 날 03:00에 영업 종료 다음 날 3시 0분에 영업 종료 펼쳐보기
1806242066,한식,제육,5. 한식 (일반 정식),중구 제육 배달 맛집,강다짐 삼각김밥 대전태평점,,5,042-385-3040,영업 종료 10:00에 영업 시작 10시 0분에 영업 시작 펼쳐보기
1643126568,한식,제육,5. 한식 (일반 정식),중구 제육 배달 맛집,한솥도시락 대전목동점,,5,042-222-6661,영업 종료 09:00에 영업 시작 9시 0분에 영업 시작 펼쳐보기
2026560992,한식,제육,5. 한식 (일반 정식),용산구 제육 배달 맛집,고봉당 용산점,서울 용산구 한강대로54길 3 1층,5,0507-1490-9327,영업 종료 11:30에 영업 시작 11시 30분에 영업 시작 펼쳐보기
1093699925,한식,제육,5. 한식 (일반 정식),용산구 제육 배달 맛집,부국정,서울 용산구 한강대로62가길 8-2 1층,5,0507-1316-6036,영업 종료 10:00에 영업 시작 10시 0분에 영업 시작 펼쳐보기
36061778,한식,제육,5. 한식 (일반 정식),용산구 제육 배달 맛집,솜씨 이촌,서울 용산구 이촌로65가길 78 2층,5,02-793-3888,영업 종료 11:30에 영업 시작 11시 30분에 영업 시작 펼쳐보기
1771590874,한식,제육,5. 한식 (일반 정식),용산구 제육 배달 맛집,정현이네 용산본점,서울 용산구 새창로 115 1층,5,0507-1340-1112,영업 종료 11:30에 영업 시작 11시 30분에 영업 시작 펼쳐보기
19559761,한식,제육,5. 한식 (일반 정식),용산구 제육 배달 맛집,호박식당 한남오거리점,서울 용산구 한남대로21길 18,5,0507-1351-7941,영업 종료 11:00에 영업 시작 11시 0분에 영업 시작 펼쳐보기
1659858275,한식,제육,5. 한식 (일반 정식),용산구 제육 배달 맛집,강원도칼국수곤드레밥,서울 용산구 원효로 231 1층,5,02-6053-3707,영업 종료 11:00에 영업 시작 11시 0분에 영업 시작 펼쳐보기
1225054503,한식,제육,5. 한식 (일반 정식),성동구 제육 배달 맛집,콩빠두한식,서울 성동구 한림말1길 8 1층,6,0507-1423-1597,영업 종료 11:00에 영업 시작 11시 0분에 영업 시작 펼쳐보기
2066711650,한식,제육,5. 한식 (일반 정식),성동구 제육 배달 맛집,에피코어,서울 성동구 뚝섬로3길 22 1층,6,0507-1415-0410,영업 종료 10:30에 영업 시작 10시 30분에 영업 시작 펼쳐보기
1704335002,한식,제육,5. 한식 (일반 정식),성동구 제육 배달 맛집,성수호미담,서울 성동구 상원2길 3 지하1층,6,0507-1377-7690,곧 영업 종료 24:00에 영업 종료 0시 0분에 영업 종료 펼쳐보기
2069988136,한식,제육,5. 한식 (일반 정식),성동구 제육 배달 맛집,채육식당 성수점,서울 성동구 아차산로15길 52 삼환디지털벤처타워 1층,6,0507-1427-9310,영업 종료 10:00에 영업 시작 10시 0분에 영업 시작 펼쳐보기
1696863258,한식,제육,5. 한식 (일반 정식),성동구 제육 배달 맛집,마마리마켓한식,서울 성동구 연무장18길 16 1층 마마리마켓,6,0507-1383-2163,오늘 휴무 매주 일요일 휴무 매주 일요일 휴무 펼쳐보기
1781472192,한식,제육,5. 한식 (일반 정식),성동구 제육 배달 맛집,고품격대패 왕십리본점,서울 성동구 왕십리로 293 1층,6,0507-1365-7770,영업 종료 11:30에 영업 시작 11시 30분에 영업 시작 펼쳐보기
38549392,한식,제육,5. 한식 (일반 정식),노원구 제육 배달 맛집,예향정 노원점,서울 노원구 동일로217가길 31 2층,7,0507-1436-9998,영업 종료 10:30에 영업 시작 10시 30분에 영업 시작 펼쳐보기
1096510556,한식,제육,5. 한식 (일반 정식),노원구 제육 배달 맛집,한티옥 롯데백화점 노원점한식,서울 노원구 동일로 1414 9층,7,02-950-2938,영업 종료 10:30에 영업 시작 10시 30분에 영업 시작 펼쳐보기
2000895086,한식,제육,5. 한식 (일반 정식),노원구 제육 배달 맛집,제제집 노원점한식,서울 노원구 상계로 55 지상 1층 101호,7,0507-1332-6426,오늘 휴무 매주 일요일 휴무 매주 일요일 휴무 펼쳐보기
1265061817,한식,제육,5. 한식 (일반 정식),노원구 제육 배달 맛집,오공김밥 마들점,서울 노원구 동일로 1538 1층 103호,7,0507-1468-5059,영업 종료 09:00에 영업 시작 9시 0분에 영업 시작 펼쳐보기
1059597083,한식,제육,5. 한식 (일반 정식),노원구 제육 배달 맛집,오빠네제육 노원본점,,7,,
1974078724,한식,제육,5. 한식 (일반 정식),노원구 제육 배달 맛집,봄이보리밥 노원점,,7,,
1274923903,한식,제육,7. 한식 (일반 찌개・탕 전문점),강북구 제육 배달 맛집,고기반햄반김치찌개&김치찜 수유본점,서울 강북구 덕릉로 93-9 1층,7,0507-1397-1602,영업 종료 09:00에 영업 시작 9시 0분에 영업 시작 펼쳐보기
1969076996,한식,제육,5. 한식 (일반 정식),강북구 제육 배달 맛집,한옥쌈밥쌈밥,서울 강북구 도봉로10다길 9 1층,7,0507-1457-3237,영업 종료 11:00에 영업 시작 11시 0분에 영업 시작 펼쳐보기
1061808333,한식,제육,5. 한식 (일반 정식),강북구 제육 배달 맛집,육개천왕 수유본점한식,서울 강북구 수유로 31 1층,7,0507-1405-6363,영업 종료 10:00에 영업 시작 10시 0분에 영업 시작 펼쳐보기
1088438597,한식,제육,5. 한식 (일반 정식),강북구 제육 배달 맛집,미자네순두부한식,서울 강북구 도봉로 146 1층 입구좌측,7,0507-1326-1153,영업 종료 11:00에 영업 시작 11시 0분에 영업 시작 펼쳐보기
1269650995,한식,제육,5. 한식 (일반 정식),강북구 제육 배달 맛집,라떼는 집밥한식,서울 강북구 도봉로76길 70 1층,7,02-980-1052,오늘 휴무 매주 일요일 휴무 매주 일요일 휴무 펼쳐보기 휴무일 05/24 부처님 오신 날 안내
35734676,한식,제육,5. 한식 (일반 정식),성북구 제육 배달 맛집,"제제집 성신여대본점백반,가정식",서울 성북구 동소문로20다길 30-9 1층 제제집,7,02-927-2007,영업 종료 11:00에 영업 시작 11시 0분에 영업 시작 펼쳐보기
1402924841,한식,제육,5. 한식 (일반 정식),성북구 제육 배달 맛집,장보리 월곡본점,,7,,
1047607404,한식,제육,5. 한식 (일반 정식),성북구 제육 배달 맛집,정성채 미아사거리점,,7,,
1749690177,한식,제육,5. 한식 (일반 정식),성북구 제육 배달 맛집,해탄 미아사거리점,,7,,
1541937450,한식,제육,5. 한식 (일반 정식),성북구 제육 배달 맛집,만복식당한식,,7,,
1872485948,한식,제육,5. 한식 (일반 정식),성북구 제육 배달 맛집,도꼬정한식,서울 성북구 삼양로 86-1,7,02-983-3335,오늘 휴무 매주 일요일 휴무 매주 일요일 휴무 펼쳐보기
1452887319,한식,제육,5. 한식 (일반 정식),광진구 제육 배달 맛집,미가담보리밥,,6,,
2063730154,한식,제육,5. 한식 (일반 정식),광진구 제육 배달 맛집,뇌산마을 건대직영점,,6,,
2082336199,한식,제육,5. 한식 (일반 정식),광진구 제육 배달 맛집,채육식당 군자점,서울 광진구 천호대로 512 1층,6,0507-1347-8733,영업 종료 10:00에 영업 시작 10시 0분에 영업 시작 펼쳐보기
1734310726,한식,제육,7. 한식 (일반 찌개・탕 전문점),광진구 제육 배달 맛집,"고기반햄반김치찌개&김치찜 아차산본점찌개,전골",,6,,
2060274647,한식,제육,8. 한식 (해물 찌개・탕 전문점),광진구 제육 배달 맛집,장군찌개집&생선구이,,6,,
1239293576,한식,제육,5. 한식 (일반 정식),광진구 제육 배달 맛집,전봇대포장마차,서울 광진구 능동로36길 29 103호,6,02-453-2547,영업 중 다음 날 02:00에 라스트오더 다음 날 2시 0분에 라스트오더 펼쳐보기
1568855068,한식,제육,5. 한식 (일반 정식),동대문구 제육 배달 맛집,제제집 경희대점한식,서울 동대문구 경희대로 19 지하,6,0507-1359-3787,오늘 휴무 매주 일요일 휴무 매주 일요일 휴무 펼쳐보기
1580911013,한식,제육,5. 한식 (일반 정식),동대문구 제육 배달 맛집,각식당,서울 동대문구 장한로6길 32 1층,6,,오늘 휴무 매주 일요일 휴무 매주 일요일 휴무 펼쳐보기
2004657669,한식,제육,5. 한식 (일반 정식),동대문구 제육 배달 맛집,청량집,서울 동대문구 약령시로17길 73-2 1층,6,0507-1320-3502,영업 중 다음 날 01:20에 라스트오더 다음 날 1시 20분에 라스트오더 펼쳐보기
1272428755,한식,제육,5. 한식 (일반 정식),동대문구 제육 배달 맛집,사나이뚝배기 경희대점한식,서울 동대문구 경희대로4길 5 1층 사나이뚝배기 경희대점,6,0507-1469-2407,영업 종료 10:00에 영업 시작 10시 0분에 영업 시작 펼쳐보기
1042837221,한식,제육,5. 한식 (일반 정식),동대문구 제육 배달 맛집,담쟁이김밥김밥,서울 동대문구 천호대로83길 24 1층,6,0507-1326-2352,영업 종료 내일 휴무 내일 휴무 펼쳐보기 휴무일 05/31 안내
32179478,한식,제육,5. 한식 (일반 정식),은평구 제육 배달 맛집,"북한산숯불닭갈비&돼지갈비육류,고기요리",서울 은평구 북한산로 281-3 북한산숯불닭갈비&돼지갈비,3,02-381-0399,영업 종료 10:00에 영업 시작 10시 0분에 영업 시작 펼쳐보기
1055319852,한식,제육,5. 한식 (일반 정식),은평구 제육 배달 맛집,연신내도담,서울 은평구 갈현로 262 1층,3,0507-1414-7873,오늘 휴무 매주 일요일 휴무 매주 일요일 휴무 펼쳐보기
1676623263,한식,제육,6. 한식 (해물 정식・회 전문점),은평구 제육 배달 맛집,알콜회관,서울 은평구 응암로11길 13 알콜회관,3,0507-1418-4986,영업 중 다음 날 04:00에 영업 종료 다음 날 4시 0분에 영업 종료 펼쳐보기
1847307415,한식,제육,5. 한식 (일반 정식),은평구 제육 배달 맛집,맛자랑식당한식,서울 은평구 통일로 931,3,02-357-1769,영업 종료 05:30에 영업 시작 5시 30분에 영업 시작 펼쳐보기
1549085282,한식,제육,5. 한식 (일반 정식),은평구 제육 배달 맛집,어가촌한식,서울 은평구 응암로 283 1층,3,0507-1362-0680,영업 종료 내일 휴무 내일 휴무 펼쳐보기
1466590285,한식,제육,5. 한식 (일반 정식),서대문구 제육 배달 맛집,제제집 신촌점한식,서울 서대문구 연세로9길 34-1 1층,3,0507-1434-7731,영업 종료 10:30에 영업 시작 10시 30분에 영업 시작 펼쳐보기
2047540576,한식,제육,5. 한식 (일반 정식),서대문구 제육 배달 맛집,오신다떡볶이떡볶이,서울 서대문구 연세로11길 8 지층,3,02-5831-5818,"오늘 휴무 매주 일요일 휴무 매주 일요일 휴무 펼쳐보기 휴무일 05/24 부처님 오신 날, 05/25 대체공휴일(부처님오신날) 안내"
1491059869,한식,제육,5. 한식 (일반 정식),서대문구 제육 배달 맛집,해탄 신촌점,서울 서대문구 연세로4길 30 지상1층,3,0507-1484-5952,영업 종료 11:00에 영업 시작 11시 0분에 영업 시작 펼쳐보기
1662071630,한식,제육,5. 한식 (일반 정식),서대문구 제육 배달 맛집,청담동포장마차 신촌본점,서울 서대문구 연세로4길 25 1층 청담동포장마차,3,0507-1307-4377,영업 중 다음 날 01:00에 라스트오더 다음 날 1시 0분에 라스트오더 펼쳐보기
1872621752,한식,제육,5. 한식 (일반 정식),서대문구 제육 배달 맛집,밥은먹었어한식,서울 서대문구 연세로11길 24 1층,3,0507-1352-5891,영업 종료 09:00에 영업 시작 9시 0분에 영업 시작 펼쳐보기
1104637533,한식,백반,5. 한식 (일반 정식),강남구 백반 배달 맛집,온밥,서울 강남구 테헤란로84길 26 2층,1,0507-1391-6463,영업 종료 10:30에 영업 시작 10시 30분에 영업 시작 펼쳐보기
1078358576,한식,백반,5. 한식 (일반 정식),강남구 백반 배달 맛집,1992 덮밥&짜글이 강남본점,서울 강남구 강남대로84길 6 1층 1992덮밥&짜글이,1,0507-1369-1465,영업 종료 10:30에 영업 시작 10시 30분에 영업 시작 펼쳐보기
1450154270,한식,백반,7. 한식 (일반 찌개・탕 전문점),강남구 백반 배달 맛집,원조감자탕 일미집 역삼점감자탕,서울 강남구 논현로 409 1층,1,02-556-5501,영업 종료 11:00에 영업 시작 11시 0분에 영업 시작 펼쳐보기
1382004181,한식,백반,5. 한식 (일반 정식),강남구 백반 배달 맛집,코시 매봉역본점,서울 강남구 논현로38길 32-7 1층,1,0507-1316-3723,영업 종료 11:10에 영업 시작 11시 10분에 영업 시작 펼쳐보기
1918148960,한식,백반,5. 한식 (일반 정식),강남구 백반 배달 맛집,중화백반 강남구청점,서울 강남구 언주로134길 6 1층,1,0507-1410-4845,오늘 휴무 매주 일요일 휴무 매주 일요일 휴무 펼쳐보기
1957077392,한식,백반,5. 한식 (일반 정식),강남구 백반 배달 맛집,역삼농원,서울 강남구 논현로 333 1층 역삼농원,1,0507-1316-2095,영업 중 다음 날 00:00에 라스트오더 다음 날 0시 0분에 라스트오더 펼쳐보기
1568344467,한식,백반,5. 한식 (일반 정식),서초구 백반 배달 맛집,리두부로두부요리,서울 서초구 원터길 22 리두부로,1,02-578-1701,영업 종료 10:00에 영업 시작 10시 0분에 영업 시작 펼쳐보기
36643505,한식,백반,5. 한식 (일반 정식),서초구 백반 배달 맛집,봄불고기,서울 서초구 서초중앙로24길 27 G5센트럴프라자 B105,1,02-592-6020,영업 종료 10:50에 영업 시작 10시 50분에 영업 시작 펼쳐보기
1603953917,한식,백반,5. 한식 (일반 정식),서초구 백반 배달 맛집,"밥보백반,가정식",서울 서초구 방배로15길 13 1층,1,0507-1492-0688,오늘 휴무 매주 일요일 휴무 매주 일요일 휴무 펼쳐보기 휴무일 05/24 부처님 오신 날 안내
2011548149,한식,백반,5. 한식 (일반 정식),서초구 백반 배달 맛집,1992 덮밥&짜글이 신논현점,서울 서초구 서초대로77길 55 107호,1,0507-1463-1410,영업 종료 10:30에 영업 시작 10시 30분에 영업 시작 펼쳐보기
1617515432,한식,백반,5. 한식 (일반 정식),서초구 백반 배달 맛집,중화백반 교대점중식당,서울 서초구 서초중앙로20길 18 1층,1,,영업 종료 11:00에 영업 시작 11시 0분에 영업 시작 펼쳐보기
2025053158,한식,백반,5. 한식 (일반 정식),서초구 백반 배달 맛집,"강남백반집백반,가정식",서울 서초구 서초대로77길 13 지하1층,1,,오늘 휴무 매주 일요일 휴무 매주 일요일 휴무 펼쳐보기
1297592432,한식,백반,5. 한식 (일반 정식),송파구 백반 배달 맛집,참터식당,서울 송파구 오금로38가길 9-1 1층 참터식당,1,0507-1306-7822,오늘 휴무 매주 일요일 휴무 매주 일요일 휴무 펼쳐보기
37447012,한식,백반,5. 한식 (일반 정식),송파구 백반 배달 맛집,장인미역 잠실본점,서울 송파구 삼전로 89 영빌딩 1층 장인미역 본점,1,02-425-7266,영업 종료 10:00에 영업 시작 10시 0분에 영업 시작 펼쳐보기
38563423,한식,백반,5. 한식 (일반 정식),송파구 백반 배달 맛집,일도불백,서울 송파구 마천로45길 30,1,0507-1445-5111,영업 종료 10:00에 영업 시작 10시 0분에 영업 시작 펼쳐보기
997244536,한식,백반,5. 한식 (일반 정식),송파구 백반 배달 맛집,한우물닭발,서울 송파구 오금로59길 10 한우물,1,02-449-2301,영업 종료 11:30에 영업 시작 11시 30분에 영업 시작 펼쳐보기
1387743290,한식,백반,5. 한식 (일반 정식),송파구 백반 배달 맛집,"할머니 보쌈 족발백반,가정식",서울 송파구 중대로10길 5-14 1층,1,0507-1383-3165,영업 종료 11:00에 영업 시작 11시 0분에 영업 시작 펼쳐보기
1139291808,한식,백반,5. 한식 (일반 정식),송파구 백반 배달 맛집,"완도멱집백반,가정식",서울 송파구 올림픽로 145 지하1층 A9호 완도멱집,1,070-7874-0926,오늘 휴무 매주 일요일 휴무 매주 일요일 휴무 펼쳐보기
1662834384,한식,백반,5. 한식 (일반 정식),강동구 백반 배달 맛집,"레이스한식백반,가정식",서울 강동구 천중로40길 46 103호 레이스한식,8,0507-1372-7193,영업 종료 내일 휴무 내일 휴무 펼쳐보기
38309857,한식,백반,5. 한식 (일반 정식),강동구 백반 배달 맛집,풍촌코다리네 본점,서울 강동구 올림픽로 763 대명빌딩 1층 풍촌코다리네 본점,8,02-442-9279,영업 종료 11:00에 영업 시작 11시 0분에 영업 시작 펼쳐보기
1068149005,한식,백반,5. 한식 (일반 정식),강동구 백반 배달 맛집,"보돌미역 강동ECT점백반,가정식",서울 강동구 천호대로 1077 이스트센트럴타워 B1층 105호,8,02-6377-8332,오늘 휴무 매주 일요일 휴무 매주 일요일 휴무 펼쳐보기 휴무일 05/24 부처님 오신 날 안내
453186864,한식,백반,5. 한식 (일반 정식),강동구 백반 배달 맛집,순남시래기 길동역점,서울 강동구 양재대로112길 9,8,02-474-6989,오늘 휴무 매주 일요일 휴무 매주 일요일 휴무 펼쳐보기
1797025152,한식,백반,5. 한식 (일반 정식),강동구 백반 배달 맛집,정성이가득한집밥 천호점,서울 강동구 구천면로12길 5 1층,8,0507-1469-0419,영업 종료 10:00에 영업 시작 10시 0분에 영업 시작 펼쳐보기
1360405228,한식,백반,5. 한식 (일반 정식),강동구 백반 배달 맛집,가야밥상,서울 강동구 올림픽로100길 31 1층(암사동),8,02-427-0885,오늘 휴무 매주 일요일 휴무 매주 일요일 휴무 펼쳐보기
1172825681,한식,백반,7. 한식 (일반 찌개・탕 전문점),영등포구 백반 배달 맛집,원조감자탕일미집 여의도점한식,서울 영등포구 국제금융로8길 25 B107,4,0507-1394-4323,오늘 휴무 매주 일요일 휴무 매주 일요일 휴무 펼쳐보기
1550436688,한식,백반,6. 한식 (해물 정식・회 전문점),영등포구 백반 배달 맛집,화덕으로간고등어반상 문래점생선구이,서울 영등포구 선유로9길 10 1층 119호,4,02-2068-7779,영업 종료 11:00에 영업 시작 11시 0분에 영업 시작 펼쳐보기
1242704833,한식,백반,5. 한식 (일반 정식),영등포구 백반 배달 맛집,태태식당한식,서울 영등포구 당산로41길 11 1층 113호,4,0507-1394-8302,오늘 휴무 매주 일요일 휴무 매주 일요일 휴무 펼쳐보기
1481633691,한식,백반,7. 한식 (일반 찌개・탕 전문점),영등포구 백반 배달 맛집,원조감자탕 일미집 영등포직영점,서울 영등포구 영중로 43 1층,4,0507-1325-4544,영업 종료 10:00에 영업 시작 10시 0분에 영업 시작 펼쳐보기
36342218,한식,백반,5. 한식 (일반 정식),마포구 백반 배달 맛집,문숙이미나리식당 홍대본점,서울 마포구 잔다리로6길 34-5 1층,3,0507-1416-2827,영업 종료 11:00에 영업 시작 11시 0분에 영업 시작 펼쳐보기
32799839,한식,백반,7. 한식 (일반 찌개・탕 전문점),마포구 백반 배달 맛집,월강부산돼지국밥국밥,서울 마포구 동교로 241-1 월강부산돼지국밥,3,02-326-5800,오늘 휴무 매주 일요일 휴무 매주 일요일 휴무 펼쳐보기 휴무일 05/16 안내
12913726,한식,백반,6. 한식 (해물 정식・회 전문점),마포구 백반 배달 맛집,역전회관 마포본점한식,서울 마포구 토정로37길 47,3,0507-1392-0248,영업 종료 11:00에 영업 시작 11시 0분에 영업 시작 펼쳐보기
37064359,한식,백반,6. 한식 (해물 정식・회 전문점),마포구 백반 배달 맛집,쌍마횟집한식,서울 마포구 토정로 257,3,0507-1305-4134,영업 종료 11:00에 영업 시작 11시 0분에 영업 시작 펼쳐보기
37485940,한식,백반,5. 한식 (일반 정식),마포구 백반 배달 맛집,"도시락집미미백반,가정식",서울 마포구 와우산로29가길 54-13,3,070-4154-0768,오늘 휴무 매주 일요일 휴무 매주 일요일 휴무 펼쳐보기
1500295310,한식,백반,5. 한식 (일반 정식),마포구 백반 배달 맛집,"꿀백 망원점백반,가정식",,3,,
1321576091,한식,백반,7. 한식 (일반 찌개・탕 전문점),강서구 백반 배달 맛집,정담돼지국밥 마곡본점,,2,,
20917232,한식,백반,5. 한식 (일반 정식),강서구 백반 배달 맛집,"또오리식당백반,가정식",,2,,
2012303070,한식,백반,6. 한식 (해물 정식・회 전문점),강서구 백반 배달 맛집,털보고된이 마곡점생선구이,,2,,
1362956839,한식,백반,7. 한식 (일반 찌개・탕 전문점),강서구 백반 배달 맛집,원조감자탕일미집 마곡나루역점,,2,,
1469095997,한식,백반,5. 한식 (일반 정식),강서구 백반 배달 맛집,"고기에 진심을 담다육류,고기요리",,2,,
1595396779,한식,백반,5. 한식 (일반 정식),양천구 백반 배달 맛집,"보돌미역 이대목동점백반,가정식",,2,,
1153056803,한식,백반,5. 한식 (일반 정식),양천구 백반 배달 맛집,오목식당,서울 양천구 목동동로12길 43-7 1층,2,0507-1344-9035,오늘 휴무 매주 일요일 휴무 매주 일요일 휴무 펼쳐보기
1989973340,한식,백반,5. 한식 (일반 정식),양천구 백반 배달 맛집,"목동불백육류,고기요리",,2,,
1132522429,한식,백반,5. 한식 (일반 정식),양천구 백반 배달 맛집,"밥다운밥 일상식당백반,가정식",,2,,
1502940408,한식,백반,5. 한식 (일반 정식),양천구 백반 배달 맛집,고기불망한식,,2,,
13152081,한식,백반,5. 한식 (일반 정식),종로구 백반 배달 맛집,전주식당,서울 종로구 수표로20길 16-17 전주식당,5,0507-1402-5385,영업 종료 07:30에 영업 시작 7시 30분에 영업 시작 펼쳐보기
1032244446,한식,백반,5. 한식 (일반 정식),종로구 백반 배달 맛집,선어도 청계천삼일빌딩점,서울 종로구 청계천로 85 지하1층 선어도 청계천삼일빌딩점,5,02-6325-3309,오늘 휴무 매주 일요일 휴무 매주 일요일 휴무 펼쳐보기
1196259581,한식,백반,5. 한식 (일반 정식),종로구 백반 배달 맛집,영월사랑방식당 광화문점한식,서울 종로구 새문안로5길 19 로얄빌딩 아케이드 B1 67호,5,070-4335-5100,오늘 휴무 매주 일요일 휴무 매주 일요일 휴무 펼쳐보기
12051288,한식,백반,5. 한식 (일반 정식),종로구 백반 배달 맛집,"명륜동식당육류,고기요리",서울 종로구 대학로 127-8,5,0507-1341-6290,영업 종료 10:00에 영업 시작 10시 0분에 영업 시작 펼쳐보기
1553798319,한식,백반,7. 한식 (일반 찌개・탕 전문점),종로구 백반 배달 맛집,명인설렁탕 광장시장점,서울 종로구 종로 210 2층 208~213호,5,0507-1443-5071,영업 종료 10:00에 영업 시작 10시 0분에 영업 시작 펼쳐보기
1754015504,한식,백반,5. 한식 (일반 정식),중구 백반 배달 맛집,안영마루,,5,,영업 종료 09:00에 영업 시작 9시 0분에 영업 시작 펼쳐보기
13454364,한식,백반,5. 한식 (일반 정식),중구 백반 배달 맛집,"홍두깨칼국수칼국수,만두",,5,042-254-8314,영업 종료 10:30에 영업 시작 10시 30분에 영업 시작 펼쳐보기
1547981737,한식,백반,5. 한식 (일반 정식),중구 백반 배달 맛집,장수식당,,5,0507-1468-0885,오늘 휴무 매주 일요일 휴무 매주 일요일 휴무 펼쳐보기
1033332799,한식,백반,5. 한식 (일반 정식),중구 백반 배달 맛집,53닭갈비찌개백반한식,,5,0507-1399-1347,오늘 휴무 매주 일요일 휴무 매주 일요일 휴무 펼쳐보기 휴무일 05/24 부처님 오신 날 안내
2041783944,한식,백반,5. 한식 (일반 정식),중구 백반 배달 맛집,선화동뚝배기,,5,0507-1429-1292,오늘 휴무 매주 일요일 휴무 매주 일요일 휴무 펼쳐보기
31729345,한식,백반,5. 한식 (일반 정식),용산구 백반 배달 맛집,섬집,서울 용산구 한강대로14길 8 2층 3층 4층 섬집,5,0507-1412-0368,오늘 휴무 매주 일요일 휴무 매주 일요일 휴무 펼쳐보기
38281352,한식,백반,5. 한식 (일반 정식),용산구 백반 배달 맛집,서가네식당기사식당,서울 용산구 효창원로 174 1층 서가네식당,5,02-719-0077,영업 종료 08:00에 영업 시작 8시 0분에 영업 시작 펼쳐보기
1261788511,한식,백반,5. 한식 (일반 정식),용산구 백반 배달 맛집,"항아리백반,가정식",서울 용산구 이촌로 72 1층 항아리수제숯불갈비,5,02-706-8137,오늘 휴무 매주 일요일 휴무 매주 일요일 휴무 펼쳐보기
1244744849,한식,백반,5. 한식 (일반 정식),용산구 백반 배달 맛집,식사준비 삼각지점,서울 용산구 백범로99길 40 용산트리스퀘어 101동 114호,5,0507-1305-8256,영업 종료 08:00에 영업 시작 8시 0분에 영업 시작 펼쳐보기
1531452736,한식,백반,5. 한식 (일반 정식),용산구 백반 배달 맛집,한식만찬 점보도시락 용산점,서울 용산구 한강대로 69 지하1층 112-2호,5,0507-1447-0002,오늘 휴무 매주 일요일 휴무 매주 일요일 휴무 펼쳐보기
1268725018,한식,백반,5. 한식 (일반 정식),성동구 백반 배달 맛집,죽여주는동치미국수 성수직영점,서울 성동구 성덕정17길 11 2층,6,0507-1399-3044,영업 종료 11:00에 영업 시작 11시 0분에 영업 시작 펼쳐보기
1805905826,한식,백반,5. 한식 (일반 정식),성동구 백반 배달 맛집,"만나식당백반,가정식",서울 성동구 왕십리로21길 20,6,02-2294-6181,오늘 휴무 매주 일요일 휴무 매주 일요일 휴무 펼쳐보기
2054499730,한식,백반,5. 한식 (일반 정식),성동구 백반 배달 맛집,1992덮밥&짜글이 뚝섬역점,서울 성동구 성수일로 89 1층 102호,6,0507-1473-8791,오늘 휴무 매주 일요일 휴무 매주 일요일 휴무 펼쳐보기
1979381744,한식,백반,5. 한식 (일반 정식),성동구 백반 배달 맛집,남다른본가닭한마리 성수점닭요리,서울 성동구 연무장7길 12 세대빌딩 2층,6,02-461-6932,영업 종료 11:30에 영업 시작 11시 30분에 영업 시작 펼쳐보기
1128237298,한식,백반,5. 한식 (일반 정식),성동구 백반 배달 맛집,"메밀촌봉평막국수백반,가정식",서울 성동구 독서당로48길 8-1 1층,6,0507-1370-8996,영업 종료 11:00에 영업 시작 11시 0분에 영업 시작 펼쳐보기
1470461909,한식,백반,5. 한식 (일반 정식),노원구 백반 배달 맛집,동적깡통구이 노원직영점,서울 노원구 상계로 92 1층,7,0507-1498-0840,곧 영업 종료 24:00에 영업 종료 0시 0분에 영업 종료 펼쳐보기
1811237121,한식,백반,6. 한식 (해물 정식・회 전문점),노원구 백반 배달 맛집,"털보고된이 노원직영점해물,생선요리",서울 노원구 상계로1길 38-11 우창프라자 102호,7,02-3391-8292,영업 종료 11:00에 영업 시작 11시 0분에 영업 시작 펼쳐보기
18638519,한식,백반,5. 한식 (일반 정식),노원구 백반 배달 맛집,"엄마손식당백반,가정식",서울 노원구 동일로184길 8 1층,7,02-973-0333,오늘 휴무 매주 일요일 휴무 매주 일요일 휴무 펼쳐보기
38521650,한식,백반,5. 한식 (일반 정식),노원구 백반 배달 맛집,소문날라,서울 노원구 동일로192길 77 102동 106호,7,02-974-5252,영업 종료 11:00에 영업 시작 11시 0분에 영업 시작 펼쳐보기 휴무일 05/24 부처님 오신 날 안내
1216322816,한식,백반,5. 한식 (일반 정식),노원구 백반 배달 맛집,오가네 장독대,서울 노원구 덕릉로 780 101동 143호,7,0507-1388-0562,오늘 휴무 매주 일요일 휴무 매주 일요일 휴무 펼쳐보기
2000489580,한식,백반,5. 한식 (일반 정식),노원구 백반 배달 맛집,메가폭탄김치찜 노원점한식,서울 노원구 노원로28길 9,7,0508-8208-7419,영업 종료 10:00에 영업 시작 10시 0분에 영업 시작 펼쳐보기
1843148442,한식,백반,7. 한식 (일반 찌개・탕 전문점),강북구 백반 배달 맛집,원조감자탕일미집 수유점,서울 강북구 도봉로 290 1층 110호,7,0507-1358-3141,영업 종료 11:00에 영업 시작 11시 0분에 영업 시작 펼쳐보기
34355236,한식,백반,5. 한식 (일반 정식),강북구 백반 배달 맛집,낙원식당,서울 강북구 삼양로 265 지하1층,7,0507-1356-6617,오늘 휴무 매주 일요일 휴무 매주 일요일 휴무 펼쳐보기
37064270,한식,백반,5. 한식 (일반 정식),강북구 백반 배달 맛집,"음밥도시락,컵밥",서울 강북구 솔매로50길 78 1층,7,0507-1494-2053,오늘 휴무 매주 일요일 휴무 매주 일요일 휴무 펼쳐보기 휴무일 05/24 부처님 오신 날 안내
1696750807,한식,백반,5. 한식 (일반 정식),강북구 백반 배달 맛집,청년식당,서울 강북구 도봉로29길 21 1층 일부 청년식당,7,02-6012-7815,오늘 휴무 매주 일요일 휴무 매주 일요일 휴무 펼쳐보기
38281357,한식,백반,7. 한식 (일반 찌개・탕 전문점),강북구 백반 배달 맛집,"엄마손맛꼬리곰탕곰탕,설렁탕",서울 강북구 도봉로95길 57 1층 좌측,7,02-999-4527,영업 종료 10:00에 영업 시작 10시 0분에 영업 시작 펼쳐보기
2074123568,한식,백반,5. 한식 (일반 정식),강북구 백반 배달 맛집,메가폭탄김치찜 수유점한식,서울 강북구 인수봉로55가길 1,7,0504-826-7935,영업 중 다음 날 03:00에 영업 종료 다음 날 3시 0분에 영업 종료 펼쳐보기
102119591,한식,백반,5. 한식 (일반 정식),성북구 백반 배달 맛집,팔백집,서울 성북구 보문로30길 46 1층,7,0507-1339-0032,영업 종료 11:30에 영업 시작 11시 30분에 영업 시작 펼쳐보기
18300002,한식,백반,5. 한식 (일반 정식),성북구 백반 배달 맛집,나들목기사식당기사식당,서울 성북구 돌곶이로 217 1층,7,0507-1427-5010,24시간 영업 연중무휴 연중무휴 펼쳐보기
1647303732,한식,백반,5. 한식 (일반 정식),성북구 백반 배달 맛집,동적깡통구이 성신여대직영점,서울 성북구 고려대로7길 84-14 1층,7,0507-1319-2009,곧 영업 종료 24:00에 영업 종료 0시 0분에 영업 종료 펼쳐보기
1393529886,한식,백반,7. 한식 (일반 찌개・탕 전문점),성북구 백반 배달 맛집,원조감자탕 일미집 정릉점감자탕,서울 성북구 보국문로11길 18-6 1층,7,02-942-3663,영업 종료 10:00에 영업 시작 10시 0분에 영업 시작 펼쳐보기
1834924895,한식,백반,5. 한식 (일반 정식),광진구 백반 배달 맛집,유선생 강릉짬뽕순두부 건대본점한식,서울 광진구 능동로16길 49 1층,6,0507-1415-8957,영업 종료 10:00에 영업 시작 10시 0분에 영업 시작 펼쳐보기
1721368687,한식,백반,5. 한식 (일반 정식),광진구 백반 배달 맛집,동적깡통구이 구의직영점,서울 광진구 자양로18길 79 1층 동적깡통구이,6,0507-1386-1051,영업 종료 11:30에 영업 시작 11시 30분에 영업 시작 펼쳐보기
1825644544,한식,백반,5. 한식 (일반 정식),광진구 백반 배달 맛집,동네맛집뼈구이집 구의점한식,서울 광진구 자양로 173 2층,6,0507-1462-5010,영업 종료 11:00에 영업 시작 11시 0분에 영업 시작 펼쳐보기
1634019150,한식,백반,5. 한식 (일반 정식),광진구 백반 배달 맛집,"명숯불갈비육류,고기요리",서울 광진구 뚝섬로 657 1층,6,0507-1359-6271,영업 종료 09:30에 영업 시작 9시 30분에 영업 시작 펼쳐보기
1119972936,한식,백반,5. 한식 (일반 정식),광진구 백반 배달 맛집,전주식당,서울 광진구 뚝섬로55길 35 1층,6,0507-1491-2123,영업 종료 10:00에 영업 시작 10시 0분에 영업 시작 펼쳐보기
1957817402,한식,백반,5. 한식 (일반 정식),동대문구 백반 배달 맛집,제기한상맛집,서울 동대문구 고산자로56길 32-1,6,02-966-0392,영업 종료 07:30에 영업 시작 7시 30분에 영업 시작 펼쳐보기
1545456709,한식,백반,5. 한식 (일반 정식),동대문구 백반 배달 맛집,꽃게장집 간장게장 무한리필 청량리본점,서울 동대문구 약령시로 104-1 2층,6,0507-1365-3153,영업 종료 11:00에 영업 시작 11시 0분에 영업 시작 펼쳐보기
1599091544,한식,백반,5. 한식 (일반 정식),동대문구 백반 배달 맛집,선식당한식,서울 동대문구 천호대로81길 7 1층,6,0507-1404-7955,오늘 휴무 매주 월요일 휴무 매주 월요일 휴무 펼쳐보기 휴무일 05/24 부처님 오신 날 안내
18842051,한식,백반,5. 한식 (일반 정식),동대문구 백반 배달 맛집,재민식당,서울 동대문구 무학로27길 11,6,02-924-0199,영업 종료 08:00에 영업 시작 8시 0분에 영업 시작 펼쳐보기
1846804350,한식,백반,5. 한식 (일반 정식),동대문구 백반 배달 맛집,온반한상한식,서울 동대문구 망우로18다길 19 지하1층,6,0507-1370-3562,영업 종료 10:30에 영업 시작 10시 30분에 영업 시작 펼쳐보기
37240349,한식,백반,5. 한식 (일반 정식),동대문구 백반 배달 맛집,"밥타운백반,가정식",서울 동대문구 왕산로 225 미주상가,6,02-969-1868,영업 종료 11:00에 영업 시작 11시 0분에 영업 시작 펼쳐보기
1630792367,한식,백반,5. 한식 (일반 정식),은평구 백반 배달 맛집,"오늘의 밥상백반,가정식",서울 은평구 서오릉로11길 3 1층,3,0507-1386-4543,영업 종료 11:00에 영업 시작 11시 0분에 영업 시작 펼쳐보기
1844072931,한식,백반,5. 한식 (일반 정식),은평구 백반 배달 맛집,엘림식당한식,서울 은평구 응암로22길 5-10 신응암시장 내,3,02-355-1044,영업 종료 10:30에 영업 시작 10시 30분에 영업 시작 펼쳐보기
1345563788,한식,백반,5. 한식 (일반 정식),은평구 백반 배달 맛집,응암닭도리탕,서울 은평구 응암로24길 14,3,0507-1330-0860,영업 종료 14:00에 영업 시작 14시 0분에 영업 시작 펼쳐보기
2086060649,한식,백반,5. 한식 (일반 정식),은평구 백반 배달 맛집,메가폭탄김치찜 서울은평점한식,,3,,
1121244312,한식,백반,6. 한식 (해물 정식・회 전문점),은평구 백반 배달 맛집,정미애는 도깨비 막회포차한식,,3,,
1464825402,한식,백반,5. 한식 (일반 정식),서대문구 백반 배달 맛집,이로운밥상한식,서울 서대문구 연대동문길 27-6 2층,3,0507-1411-1284,영업 종료 11:00에 영업 시작 11시 0분에 영업 시작 펼쳐보기 - 일요일은 저녁타임은 예약제로 운영 합니다 :)
1242407267,한식,백반,5. 한식 (일반 정식),서대문구 백반 배달 맛집,선어도 충정로점,,3,,
1292541602,한식,백반,5. 한식 (일반 정식),서대문구 백반 배달 맛집,강남불백 신촌점,,3,,
1123501263,한식,백반,7. 한식 (일반 찌개・탕 전문점),서대문구 백반 배달 맛집,더진국 수육국밥 신촌점국밥,,3,,
1208033387,한식,백반,5. 한식 (일반 정식),서대문구 백반 배달 맛집,온밥한식,,3,,
2001066043,한식,백반,5. 한식 (일반 정식),서대문구 백반 배달 맛집,맹진이네백반분식종합분식,,3,,
1423158855,한식,국밥,7. 한식 (일반 찌개・탕 전문점),강남구 국밥 배달 맛집,국밥 참 맛있는 집 역삼점,서울 강남구 언주로98길 39 1층,1,0507-1332-9331,영업 종료 10:00에 영업 시작 10시 0분에 영업 시작 펼쳐보기
1977190596,한식,국밥,7. 한식 (일반 찌개・탕 전문점),강남구 국밥 배달 맛집,최순옥명품국밥 선릉점,,1,,
1839766978,한식,국밥,7. 한식 (일반 찌개・탕 전문점),강남구 국밥 배달 맛집,일품돼지국밥 삼성역점국밥,,1,,
18466341,한식,국밥,7. 한식 (일반 찌개・탕 전문점),강남구 국밥 배달 맛집,한티옥한식,서울 강남구 도곡로 418 강원빌딩,1,02-552-5289,영업 종료 09:30에 영업 시작 9시 30분에 영업 시작 펼쳐보기
1974332169,한식,국밥,7. 한식 (일반 찌개・탕 전문점),강남구 국밥 배달 맛집,담은 국밥,서울 강남구 영동대로 221 1층,1,0507-1323-5585,영업 종료 11:00에 영업 시작 11시 0분에 영업 시작 펼쳐보기
1257140055,한식,국밥,7. 한식 (일반 찌개・탕 전문점),서초구 국밥 배달 맛집,유성옥 돼지국밥 서초본점국밥,서울 서초구 서초대로51길 14 104호,1,0507-1373-8325,영업 종료 11:00에 영업 시작 11시 0분에 영업 시작 펼쳐보기
2026037512,한식,국밥,7. 한식 (일반 찌개・탕 전문점),서초구 국밥 배달 맛집,순대일번지 양재점,서울 서초구 남부순환로350길 11 1층 1호,1,0507-1407-7567,영업 중 다음 날 04:30에 라스트오더 다음 날 4시 30분에 라스트오더 펼쳐보기
2063717719,한식,국밥,7. 한식 (일반 찌개・탕 전문점),서초구 국밥 배달 맛집,국밥 참 맛있는 집 양재포이점국밥,서울 서초구 마방로10길 18-24 1층,1,0507-1318-2044,영업 종료 10:00에 영업 시작 10시 0분에 영업 시작 펼쳐보기
2054998321,한식,국밥,7. 한식 (일반 찌개・탕 전문점),서초구 국밥 배달 맛집,일품돼지국밥 서초본점국밥,서울 서초구 서초대로 350 1층 101호,1,0507-1360-1898,24시간 영업 연중무휴 연중무휴 펼쳐보기
1979858708,한식,국밥,7. 한식 (일반 찌개・탕 전문점),서초구 국밥 배달 맛집,오월당 한식,서울 서초구 효령로 237 서초한신리빙타워 1층 102호,1,0507-1351-4458,영업 종료 11:00에 영업 시작 11시 0분에 영업 시작 펼쳐보기
1336299902,한식,국밥,8. 한식 (해물 찌개・탕 전문점),서초구 국밥 배달 맛집,보승회관 논현역점,서울 서초구 강남대로 521 1층,1,0507-1338-6816,24시간 영업 연중무휴 연중무휴 펼쳐보기
21037816,한식,국밥,7. 한식 (일반 찌개・탕 전문점),송파구 국밥 배달 맛집,함경도찹쌀순대,서울 송파구 송파대로28길 32,1,02-403-8822,24시간 영업 펼쳐보기
1105142257,한식,국밥,7. 한식 (일반 찌개・탕 전문점),송파구 국밥 배달 맛집,장미시장국밥,"서울 송파구 올림픽로35길 124 2동 지하1층 13-1, 13-2, 20-1, 20-2호",1,070-4258-0005,영업 종료 11:00에 영업 시작 11시 0분에 영업 시작 펼쳐보기
2045064971,한식,국밥,7. 한식 (일반 찌개・탕 전문점),송파구 국밥 배달 맛집,제주삼대국수 잠실장미직영점,서울 송파구 올림픽로35길 112 장미종합상가 B동 지하1층 42호,1,0507-1365-0268,영업 종료 10:30에 영업 시작 10시 30분에 영업 시작 펼쳐보기
1391416666,한식,국밥,7. 한식 (일반 찌개・탕 전문점),송파구 국밥 배달 맛집,청담동순도리 석촌호수점,서울 송파구 삼학사로 92 1층 청담동순도리 석촌호수점,1,02-417-1788,영업 중 다음 날 03:00에 라스트오더 다음 날 3시 0분에 라스트오더 펼쳐보기
2064749117,한식,국밥,7. 한식 (일반 찌개・탕 전문점),송파구 국밥 배달 맛집,담옥,서울 송파구 법원로4길 10 1층 123호,1,0507-1341-5487,오늘 휴무 매주 월요일 휴무 매주 월요일 휴무 펼쳐보기
1755277775,한식,국밥,8. 한식 (해물 찌개・탕 전문점),강동구 국밥 배달 맛집,보승회관 천호역점,서울 강동구 올림픽로 654 1층 1호,8,02-6428-2539,24시간 영업 펼쳐보기
2037394757,한식,국밥,8. 한식 (해물 찌개・탕 전문점),강동구 국밥 배달 맛집,"경회루인생순대순대,순댓국",서울 강동구 구천면로 229-1 지1층,8,0507-1338-6410,영업 종료 10:00에 영업 시작 10시 0분에 영업 시작 펼쳐보기
2075343641,한식,국밥,7. 한식 (일반 찌개・탕 전문점),강동구 국밥 배달 맛집,명인대동양평해장국 강동점,"서울 강동구 성안로 172 102동 101,102,103호",8,02-473-3338,24시간 영업 펼쳐보기
1914406745,한식,국밥,7. 한식 (일반 찌개・탕 전문점),강동구 국밥 배달 맛집,암사 해장국,서울 강동구 올림픽로98길 8-16 1층 암사해장국,8,0507-1412-5457,영업 종료 11:00에 영업 시작 11시 0분에 영업 시작 펼쳐보기
1047566941,한식,국밥,7. 한식 (일반 찌개・탕 전문점),강동구 국밥 배달 맛집,길동골목냉면,서울 강동구 양재대로114길 25 1층 길동골목냉면,8,0507-1361-4181,영업 종료 10:30에 영업 시작 10시 30분에 영업 시작 펼쳐보기
1030764516,한식,국밥,7. 한식 (일반 찌개・탕 전문점),강동구 국밥 배달 맛집,고덕숲 정원,서울 강동구 고덕로83길 36 1층,8,02-427-6286,영업 종료 10:30에 영업 시작 10시 30분에 영업 시작 펼쳐보기
37379272,한식,국밥,7. 한식 (일반 찌개・탕 전문점),영등포구 국밥 배달 맛집,3일한우국밥,서울 영등포구 영등포로 204,4,02-2678-0117,24시간 영업 연중무휴 연중무휴 펼쳐보기
2022187250,한식,국밥,8. 한식 (해물 찌개・탕 전문점),영등포구 국밥 배달 맛집,한첩 순대국밥 서여의도 국회의사당역KBS본점,서울 영등포구 의사당대로 38 101동 1층 103호,4,0507-1464-9207,오늘 휴무 매주 일요일 휴무 매주 일요일 휴무 펼쳐보기
1398199454,한식,국밥,7. 한식 (일반 찌개・탕 전문점),영등포구 국밥 배달 맛집,"온향집순대,순댓국",서울 영등포구 문래북로 52 1층,4,02-2633-6665,곧 영업 종료 22:00에 영업 종료 22시 0분에 영업 종료 펼쳐보기
2099344965,한식,국밥,7. 한식 (일반 찌개・탕 전문점),영등포구 국밥 배달 맛집,삼대미역 선유도 본점,"서울 영등포구 양평로21가길 4 1층 102호, 103호",4,0507-1326-3302,오늘 휴무 매주 일요일 휴무 매주 일요일 휴무 펼쳐보기
1257038561,한식,국밥,7. 한식 (일반 찌개・탕 전문점),영등포구 국밥 배달 맛집,3일 한우국밥 문래직영점,"서울 영등포구 선유로17길 24 1층 108,118,119호(문래동6가, 신일아르디세)",4,02-2675-0117,24시간 영업 연중무휴 연중무휴 펼쳐보기
1760920577,한식,국밥,7. 한식 (일반 찌개・탕 전문점),영등포구 국밥 배달 맛집,나진국밥 영등포점국밥,서울 영등포구 영등포로 103 1층 107호,4,02-2633-0190,영업 종료 09:00에 영업 시작 9시 0분에 영업 시작 펼쳐보기
1429106063,한식,국밥,7. 한식 (일반 찌개・탕 전문점),마포구 국밥 배달 맛집,해정집,서울 마포구 양화로6길 45 1층 101호,3,0507-1427-9042,영업 종료 10:00에 영업 시작 10시 0분에 영업 시작 펼쳐보기
1732903838,한식,국밥,7. 한식 (일반 찌개・탕 전문점),마포구 국밥 배달 맛집,3일한우국밥,서울 마포구 양화로 120 1층 102호,3,02-336-0107,24시간 영업 연중무휴 연중무휴 펼쳐보기
1856209406,한식,국밥,7. 한식 (일반 찌개・탕 전문점),마포구 국밥 배달 맛집,호랭이곳간 공덕점,서울 마포구 마포대로8길 13 1층 101호 호랭이곳간,3,0507-1339-7149,영업 종료 11:00에 영업 시작 11시 0분에 영업 시작 펼쳐보기
1348159778,한식,국밥,7. 한식 (일반 찌개・탕 전문점),마포구 국밥 배달 맛집,채비스테이 마포성산점 정성옥,서울 마포구 월드컵북로 137 1층 104호,3,0507-1398-4997,영업 종료 11:00에 영업 시작 11시 0분에 영업 시작 펼쳐보기
1912734867,한식,국밥,7. 한식 (일반 찌개・탕 전문점),마포구 국밥 배달 맛집,청담동순도리 합정역점,,3,,
2089290082,한식,국밥,7. 한식 (일반 찌개・탕 전문점),강서구 국밥 배달 맛집,부엌모락,서울 강서구 화곡로 138 1층,2,02-2601-0171,영업 종료 11:00에 영업 시작 11시 0분에 영업 시작 펼쳐보기
1988367250,한식,국밥,7. 한식 (일반 찌개・탕 전문점),강서구 국밥 배달 맛집,"금고깃집 본점육류,고기요리","서울 강서구 마곡동로 61 109호, 203-205호",2,02-3662-8295,영업 종료 11:20에 영업 시작 11시 20분에 영업 시작 펼쳐보기
2023539595,한식,국밥,7. 한식 (일반 찌개・탕 전문점),강서구 국밥 배달 맛집,영천얼큰돼지국밥 화곡직영점국밥,서울 강서구 강서로 183 B동 1층,2,02-2607-7771,영업 전 06:00에 영업 시작 6시 0분에 영업 시작 펼쳐보기
1747883463,한식,국밥,7. 한식 (일반 찌개・탕 전문점),강서구 국밥 배달 맛집,김당 발산본점,"서울 강서구 강서로54길 11 1~2층(등촌동,3동)",2,0507-1442-6365,영업 종료 10:00에 영업 시작 10시 0분에 영업 시작 펼쳐보기
1514129451,한식,국밥,7. 한식 (일반 찌개・탕 전문점),양천구 국밥 배달 맛집,국밥 참 맛있는 집 서울목동점국밥,서울 양천구 오목로50길 23 1층 102호,2,,영업 종료 10:30에 영업 시작 10시 30분에 영업 시작 펼쳐보기
32058451,한식,국밥,7. 한식 (일반 찌개・탕 전문점),양천구 국밥 배달 맛집,"나주관곰탕,설렁탕",서울 양천구 오목로 313-2,2,02-2645-3999,영업 종료 08:30에 영업 시작 8시 30분에 영업 시작 펼쳐보기
1211370297,한식,국밥,7. 한식 (일반 찌개・탕 전문점),양천구 국밥 배달 맛집,현대옥 목동역점국밥,서울 양천구 목동로25길 1 1층,2,0507-1344-0965,24시간 영업 펼쳐보기
2051112210,한식,국밥,7. 한식 (일반 찌개・탕 전문점),양천구 국밥 배달 맛집,백화옥 화곡점국밥,서울 양천구 월정로42길 9 1층,2,0507-1469-1560,24시간 영업 연중무휴 연중무휴 펼쳐보기
1740060129,한식,국밥,7. 한식 (일반 찌개・탕 전문점),양천구 국밥 배달 맛집,정칠구 백순대&순대국 염창역점,서울 양천구 목동중앙북로 65 에이동 1층,2,02-6369-9644,영업 종료 10:30에 영업 시작 10시 30분에 영업 시작 펼쳐보기
38501020,한식,국밥,8. 한식 (해물 찌개・탕 전문점),종로구 국밥 배달 맛집,"진주육회 본점육류,고기요리",서울 종로구 동호로 403-22,5,02-2263-0366,영업 종료 10:00에 영업 시작 10시 0분에 영업 시작 펼쳐보기
20148711,한식,국밥,7. 한식 (일반 찌개・탕 전문점),종로구 국밥 배달 맛집,순대실록 대학로본점,서울 종로구 동숭길 113 1층,5,02-742-5338,영업 종료 10:00에 영업 시작 10시 0분에 영업 시작 펼쳐보기
1500693453,한식,국밥,7. 한식 (일반 찌개・탕 전문점),종로구 국밥 배달 맛집,이백점순대국감자탕 서순라길점,서울 종로구 율곡로8길 75-1 1층,5,0507-1363-2469,영업 종료 11:00에 영업 시작 11시 0분에 영업 시작 펼쳐보기
1882117736,한식,국밥,7. 한식 (일반 찌개・탕 전문점),종로구 국밥 배달 맛집,98도씨 국밥 서대문점,서울 종로구 경교장길 35 상가동 1층 3108호,5,0507-1366-0013,영업 종료 11:00에 영업 시작 11시 0분에 영업 시작 펼쳐보기
34856974,한식,국밥,7. 한식 (일반 찌개・탕 전문점),중구 국밥 배달 맛집,선화동소머리해장국,,5,042-637-5529,오늘 휴무 매주 월요일 휴무 매주 월요일 휴무 펼쳐보기
1279982255,한식,국밥,7. 한식 (일반 찌개・탕 전문점),중구 국밥 배달 맛집,1974비래옥 본점,,5,0507-1431-7943,영업 종료 10:00에 영업 시작 10시 0분에 영업 시작 펼쳐보기
2045393985,한식,국밥,7. 한식 (일반 찌개・탕 전문점),중구 국밥 배달 맛집,다원옥 산성점,,5,0507-1357-8881,영업 종료 11:00에 영업 시작 11시 0분에 영업 시작 펼쳐보기
1070815437,한식,국밥,7. 한식 (일반 찌개・탕 전문점),중구 국밥 배달 맛집,태평소국밥국밥,,5,042-286-9825,24시간 영업 연중무휴 연중무휴 펼쳐보기
35156179,한식,국밥,7. 한식 (일반 찌개・탕 전문점),중구 국밥 배달 맛집,3일소고기국밥 대전본점국밥,,5,042-533-3198,영업 종료 09:00에 영업 시작 9시 0분에 영업 시작 펼쳐보기
1563150818,한식,국밥,7. 한식 (일반 찌개・탕 전문점),용산구 국밥 배달 맛집,말방국밥 용산본점,서울 용산구 한강대로52길 42 1층,5,0507-1371-3136,영업 종료 11:00에 영업 시작 11시 0분에 영업 시작 펼쳐보기
1610810987,한식,국밥,7. 한식 (일반 찌개・탕 전문점),용산구 국밥 배달 맛집,남매국밥 이태원 본점,서울 용산구 회나무로 9 1층 남매국밥,5,02-794-2588,영업 종료 11:00에 영업 시작 11시 0분에 영업 시작 펼쳐보기
2003959682,한식,국밥,7. 한식 (일반 찌개・탕 전문점),용산구 국밥 배달 맛집,백옥 용산,서울 용산구 한강대로10길 11-76 1층,5,,영업 종료 11:00에 영업 시작 11시 0분에 영업 시작 펼쳐보기
1934904660,한식,국밥,7. 한식 (일반 찌개・탕 전문점),용산구 국밥 배달 맛집,백온생순대 용산본점,서울 용산구 한강대로14길 69 1층 102호,5,0507-1479-0467,영업 종료 11:00에 영업 시작 11시 0분에 영업 시작 펼쳐보기
1701494555,한식,국밥,7. 한식 (일반 찌개・탕 전문점),용산구 국밥 배달 맛집,조현우국밥 숙대점국밥,서울 용산구 청파로47길 17-5 1층,5,0507-1409-0542,영업 종료 10:00에 영업 시작 10시 0분에 영업 시작 펼쳐보기
1098649673,한식,국밥,7. 한식 (일반 찌개・탕 전문점),성동구 국밥 배달 맛집,유태,서울 성동구 마조로9길 3 1층,6,0507-1322-3929,영업 종료 11:00에 영업 시작 11시 0분에 영업 시작 펼쳐보기
1222556503,한식,국밥,7. 한식 (일반 찌개・탕 전문점),성동구 국밥 배달 맛집,이응,서울 성동구 왕십리로6길 16 1층,6,0507-1444-0739,영업 종료 11:00에 영업 시작 11시 0분에 영업 시작 펼쳐보기
2066290476,한식,국밥,7. 한식 (일반 찌개・탕 전문점),성동구 국밥 배달 맛집,참선주면옥 왕십리본점,"서울 성동구 무학로6길 50 101동 237-1호, 237-2호",6,0507-1489-9084,영업 종료 11:00에 영업 시작 11시 0분에 영업 시작 펼쳐보기
1209701527,한식,국밥,7. 한식 (일반 찌개・탕 전문점),성동구 국밥 배달 맛집,하동진국밥,서울 성동구 행당로17길 17,6,0507-1399-7041,영업 종료 08:00에 영업 시작 8시 0분에 영업 시작 펼쳐보기
1406405043,한식,국밥,7. 한식 (일반 찌개・탕 전문점),성동구 국밥 배달 맛집,백옥 성수,,6,,
2031148543,한식,국밥,7. 한식 (일반 찌개・탕 전문점),성동구 국밥 배달 맛집,참선주면옥 성수점,,6,,
1164127528,한식,국밥,7. 한식 (일반 찌개・탕 전문점),노원구 국밥 배달 맛집,제주미향해장 공릉점,,7,,
2034618621,한식,국밥,7. 한식 (일반 찌개・탕 전문점),노원구 국밥 배달 맛집,최순옥명품국밥 노원점국밥,,7,,
1668460518,한식,국밥,7. 한식 (일반 찌개・탕 전문점),노원구 국밥 배달 맛집,옥순댁곰탕순대국,,7,,
1560717005,한식,국밥,7. 한식 (일반 찌개・탕 전문점),노원구 국밥 배달 맛집,"술술국밥순대,순댓국",,7,,
1097802044,한식,국밥,7. 한식 (일반 찌개・탕 전문점),강북구 국밥 배달 맛집,돈소옥국밥,,7,,
20794916,한식,국밥,7. 한식 (일반 찌개・탕 전문점),강북구 국밥 배달 맛집,수유골목냉면 본점,서울 강북구 솔매로45길 92,7,0507-1402-6580,영업 종료 11:00에 영업 시작 11시 0분에 영업 시작 펼쳐보기
32876175,한식,국밥,7. 한식 (일반 찌개・탕 전문점),강북구 국밥 배달 맛집,이설면옥 수유본점,,7,,
2078135850,한식,국밥,7. 한식 (일반 찌개・탕 전문점),강북구 국밥 배달 맛집,"번동피순대 수유점순대,순댓국",,7,,
1127551806,한식,국밥,8. 한식 (해물 찌개・탕 전문점),강북구 국밥 배달 맛집,보승회관 수유점,서울 강북구 노해로8길 22 115호,7,0507-1386-9913,영업 종료 09:00에 영업 시작 9시 0분에 영업 시작 펼쳐보기
1108142394,한식,국밥,7. 한식 (일반 찌개・탕 전문점),강북구 국밥 배달 맛집,"신의주찹쌀순대 우이솔밭공원점순대,순댓국",서울 강북구 삼양로 573 1층 신의주찹쌀순대 우이솔밭공원점,7,02-997-8887,영업 종료 10:00에 영업 시작 10시 0분에 영업 시작 펼쳐보기
1274139021,한식,국밥,7. 한식 (일반 찌개・탕 전문점),성북구 국밥 배달 맛집,넷길이콩나물국밥 성북구청점,서울 성북구 보문로 149-1 1층,7,0507-1340-5808,영업 종료 06:30에 영업 시작 6시 30분에 영업 시작 펼쳐보기
2080884847,한식,국밥,7. 한식 (일반 찌개・탕 전문점),성북구 국밥 배달 맛집,곤지암할매소머리국밥 석관점국밥,서울 성북구 한천로 585 1층,7,02-6013-9576,24시간 영업 연중무휴 연중무휴 펼쳐보기
18216359,한식,국밥,7. 한식 (일반 찌개・탕 전문점),성북구 국밥 배달 맛집,마전터국밥,서울 성북구 혜화로 82-2 마전터,7,02-765-7575,영업 종료 10:00에 영업 시작 10시 0분에 영업 시작 펼쳐보기
1019538877,한식,국밥,7. 한식 (일반 찌개・탕 전문점),성북구 국밥 배달 맛집,일품양평해장국 성북구청점해장국,서울 성북구 보문로 162 1층,7,02-926-3325,영업 종료 11:00에 영업 시작 11시 0분에 영업 시작 펼쳐보기
2042788052,한식,국밥,7. 한식 (일반 찌개・탕 전문점),성북구 국밥 배달 맛집,"신의주찹쌀순대 장위점순대,순댓국",서울 성북구 돌곶이로41가길 2 1층 101호,7,0507-1451-2636,영업 종료 10:00에 영업 시작 10시 0분에 영업 시작 펼쳐보기
640619959,한식,국밥,7. 한식 (일반 찌개・탕 전문점),성북구 국밥 배달 맛집,고석환손만두전골,서울 성북구 성북로2길 55 우리빌딩 1층 고석환 손만두 전골,7,0507-1332-1990,오늘 휴무 매주 월요일 휴무 매주 월요일 휴무 펼쳐보기
1589007709,한식,국밥,7. 한식 (일반 찌개・탕 전문점),광진구 국밥 배달 맛집,국밥 참 맛있는 집 서울중곡점국밥,서울 광진구 긴고랑로 72 1층,6,02-456-0687,영업 종료 09:30에 영업 시작 9시 30분에 영업 시작 펼쳐보기
1654773424,한식,국밥,7. 한식 (일반 찌개・탕 전문점),광진구 국밥 배달 맛집,류가네국밥&전,서울 광진구 긴고랑로 45 1층 류가네 국밥 & 전,6,0507-1493-0326,오늘 휴무 매주 월요일 휴무 매주 월요일 휴무 펼쳐보기
1876311794,한식,국밥,7. 한식 (일반 찌개・탕 전문점),광진구 국밥 배달 맛집,"소문난왕족발순대,순댓국",서울 광진구 자양로53길 118 소문난왕족발,6,0507-1391-5778,영업 종료 09:00에 영업 시작 9시 0분에 영업 시작 펼쳐보기
1906117997,한식,국밥,8. 한식 (해물 찌개・탕 전문점),광진구 국밥 배달 맛집,보승회관 성수건대점,서울 광진구 동일로 170,6,0507-1316-3397,24시간 영업 펼쳐보기
2063153676,한식,국밥,7. 한식 (일반 찌개・탕 전문점),광진구 국밥 배달 맛집,감동국밥 본점국밥,서울 광진구 군자로 81 1층 내제나호,6,0507-1325-1480,영업 종료 11:00에 영업 시작 11시 0분에 영업 시작 펼쳐보기
1212660212,한식,국밥,7. 한식 (일반 찌개・탕 전문점),광진구 국밥 배달 맛집,조현우국밥국밥,서울 광진구 자양로13길 60 1층,6,0507-1352-8638,영업 종료 10:00에 영업 시작 10시 0분에 영업 시작 펼쳐보기
1038414907,한식,국밥,7. 한식 (일반 찌개・탕 전문점),동대문구 국밥 배달 맛집,제주미향해장 본점,서울 동대문구 경동시장로10길 46 1층,6,02-6949-3353,영업 중 다음 날 02:00에 영업 종료 다음 날 2시 0분에 영업 종료 펼쳐보기
1253567473,한식,국밥,7. 한식 (일반 찌개・탕 전문점),동대문구 국밥 배달 맛집,경동관 나주곰탕나주전 경동시장점,서울 동대문구 고산자로 428 1층 경동관 나주곰탕나주전 경동시장점,6,0507-1488-7898,영업 종료 09:00에 영업 시작 9시 0분에 영업 시작 펼쳐보기
1106712251,한식,국밥,7. 한식 (일반 찌개・탕 전문점),동대문구 국밥 배달 맛집,"순대실록 청량리점순대,순댓국",서울 동대문구 답십리로 27 롯데캐슬SKY-L65 상가동 107호 순대실록 청량리점,6,0507-1383-8912,24시간 영업 연중무휴 연중무휴 펼쳐보기
1937057234,한식,국밥,7. 한식 (일반 찌개・탕 전문점),동대문구 국밥 배달 맛집,호감해장,서울 동대문구 홍릉로1길 17 1층 제 15호 호감해장,6,070-8866-6760,영업 중 다음 날 00:30에 라스트오더 다음 날 0시 30분에 라스트오더 펼쳐보기
1968521178,한식,국밥,7. 한식 (일반 찌개・탕 전문점),동대문구 국밥 배달 맛집,병천 순대명가 장한평역점,서울 동대문구 한천로2길 107 2층,6,0507-1326-2074,영업 종료 11:00에 영업 시작 11시 0분에 영업 시작 펼쳐보기
137762945,한식,국밥,7. 한식 (일반 찌개・탕 전문점),은평구 국밥 배달 맛집,넷길이콩나물국밥 본점,서울 은평구 진흥로 139 용진빌딩,3,0507-1410-7878,24시간 영업 연중무휴 연중무휴 펼쳐보기
1742051578,한식,국밥,7. 한식 (일반 찌개・탕 전문점),은평구 국밥 배달 맛집,역말리 순대국밥,,3,,
1506291556,한식,국밥,7. 한식 (일반 찌개・탕 전문점),은평구 국밥 배달 맛집,두루올순대,,3,,
2023309188,한식,국밥,7. 한식 (일반 찌개・탕 전문점),은평구 국밥 배달 맛집,역말리순대국밥 연신내점,서울 은평구 연서로34길 2 1층,3,0507-1444-8971,영업 종료 11:00에 영업 시작 11시 0분에 영업 시작 펼쳐보기
2011401658,한식,국밥,7. 한식 (일반 찌개・탕 전문점),은평구 국밥 배달 맛집,팔도곳간,서울 은평구 은평로 187-3 1층,3,0507-1315-0277,영업 종료 11:00에 영업 시작 11시 0분에 영업 시작 펼쳐보기
1076538476,한식,국밥,7. 한식 (일반 찌개・탕 전문점),은평구 국밥 배달 맛집,"삼오순대국 녹번점순대,순댓국",서울 은평구 은평로 193 1층,3,0507-1447-3408,영업 종료 07:00에 영업 시작 7시 0분에 영업 시작 펼쳐보기
1942369254,한식,국밥,7. 한식 (일반 찌개・탕 전문점),서대문구 국밥 배달 맛집,평안도식당 신촌점,서울 서대문구 연세로4길 12 1층,3,0507-1374-2379,24시간 영업 연중무휴 연중무휴 펼쳐보기
1935443441,한식,국밥,7. 한식 (일반 찌개・탕 전문점),서대문구 국밥 배달 맛집,황남국밥 연희본점,서울 서대문구 연희맛로 32 1층,3,0507-1430-3889,영업 종료 09:00에 영업 시작 9시 0분에 영업 시작 펼쳐보기
2028670556,한식,국밥,7. 한식 (일반 찌개・탕 전문점),서대문구 국밥 배달 맛집,태경이네 국밥국밥,서울 서대문구 충정로4길 4 1층,3,0507-1319-3716,영업 종료 09:00에 영업 시작 9시 0분에 영업 시작 펼쳐보기 휴무일 05/24 부처님 오신 날 안내
1465790494,한식,국밥,7. 한식 (일반 찌개・탕 전문점),서대문구 국밥 배달 맛집,연희옥 연희점,서울 서대문구 연희로 81-26 1층,3,0507-1322-7456,24시간 영업 연중무휴 연중무휴 펼쳐보기
1558074607,한식,국밥,7. 한식 (일반 찌개・탕 전문점),서대문구 국밥 배달 맛집,이설면옥 남가좌점,서울 서대문구 수색로2길 39 1층 110-3호,3,0507-1410-7370,영업 종료 11:00에 영업 시작 11시 0분에 영업 시작 펼쳐보기
1544979315,한식,국밥,7. 한식 (일반 찌개・탕 전문점),서대문구 국밥 배달 맛집,백순대본가새맛 신촌연대점,서울 서대문구 연세로11길 12 1층,3,0507-1320-7029,영업 종료 10:00에 영업 시작 10시 0분에 영업 시작 펼쳐보기
1242008676,한식,비빔밥,5. 한식 (일반 정식),강남구 비빔밥 배달 맛집,양양집 압구정점,서울 강남구 압구정로30길 17 1층,1,0507-1343-0537,영업 종료 07:00에 영업 시작 7시 0분에 영업 시작 펼쳐보기
1146320530,한식,비빔밥,5. 한식 (일반 정식),강남구 비빔밥 배달 맛집,지강한식당 압구정본점,"서울 강남구 압구정로30길 17 111호, 112호, 104-1호",1,0507-1485-8849,영업 종료 11:00에 영업 시작 11시 0분에 영업 시작 펼쳐보기
1281920567,한식,비빔밥,5. 한식 (일반 정식),강남구 비빔밥 배달 맛집,함평집 강남점한식,서울 강남구 논현로85길 13 2층,1,0507-1464-2071,영업 종료 10:00에 영업 시작 10시 0분에 영업 시작 펼쳐보기
1810494640,한식,비빔밥,5. 한식 (일반 정식),강남구 비빔밥 배달 맛집,해화옥 신논현 직영점,서울 강남구 봉은사로1길 29 1층,1,0507-1338-3304,24시간 영업 연중무휴 연중무휴 펼쳐보기
1923791349,한식,비빔밥,5. 한식 (일반 정식),강남구 비빔밥 배달 맛집,"고향 엄마손 생바지락 칼국수 역삼점칼국수,만두","서울 강남구 도곡로3길 26 1층 106, 107호",1,0507-1474-6801,영업 종료 09:00에 영업 시작 9시 0분에 영업 시작 펼쳐보기
1543933670,한식,비빔밥,6. 한식 (해물 정식・회 전문점),서초구 비빔밥 배달 맛집,장수해물대첩 방배본점,서울 서초구 방배로 199 지하1층,1,02-599-6288,영업 종료 11:00에 영업 시작 11시 0분에 영업 시작 펼쳐보기
1550997885,한식,비빔밥,5. 한식 (일반 정식),서초구 비빔밥 배달 맛집,부안육비,서울 서초구 남부순환로347길 101 1층,1,0507-1333-5972,영업 종료 11:00에 영업 시작 11시 0분에 영업 시작 펼쳐보기
2004512072,한식,비빔밥,5. 한식 (일반 정식),서초구 비빔밥 배달 맛집,뉴빔밥 서초교대점,서울 서초구 사임당로 28 102호 뉴빔밥 서초교대점,1,0507-1351-5275,영업 종료 10:50에 영업 시작 10시 50분에 영업 시작 펼쳐보기
2017507535,한식,비빔밥,5. 한식 (일반 정식),서초구 비빔밥 배달 맛집,충무식,서울 서초구 법원로2길 7-4 1동 지하1층 102호,1,0507-1306-2466,영업 종료 10:00에 영업 시작 10시 0분에 영업 시작 펼쳐보기
1850979359,한식,비빔밥,5. 한식 (일반 정식),서초구 비빔밥 배달 맛집,"고향 엄마손 생바지락 칼국수 방배점칼국수,만두",서울 서초구 방배중앙로 196 1동 1층 306호,1,0507-1390-5271,영업 종료 08:30에 영업 시작 8시 30분에 영업 시작 펼쳐보기
1195914554,한식,비빔밥,5. 한식 (일반 정식),송파구 비빔밥 배달 맛집,석촌칼국수보리밥 본점,서울 송파구 백제고분로33길 29 1층,1,0507-1346-8374,24시간 영업 연중무휴 연중무휴 펼쳐보기
1253576459,한식,비빔밥,5. 한식 (일반 정식),송파구 비빔밥 배달 맛집,나물비빔밥&북엇국,서울 송파구 삼전로7길 11 101호,1,0507-1478-4324,영업 종료 08:00에 영업 시작 8시 0분에 영업 시작 펼쳐보기
1346178917,한식,비빔밥,5. 한식 (일반 정식),송파구 비빔밥 배달 맛집,대포집 가락본점,서울 송파구 양재대로62길 48,1,0507-1498-3372,영업 종료 11:00에 영업 시작 11시 0분에 영업 시작 펼쳐보기
1571931790,한식,비빔밥,5. 한식 (일반 정식),송파구 비빔밥 배달 맛집,미아리우동집 문정점종합분식,서울 송파구 송파대로 111 파크하비오 109동 110호,1,02-409-8882,영업 종료 09:00에 영업 시작 9시 0분에 영업 시작 펼쳐보기
2033725326,한식,비빔밥,5. 한식 (일반 정식),송파구 비빔밥 배달 맛집,선주가 방이먹자골목점,서울 송파구 올림픽로32길 22 2층 201호,1,0507-1449-3997,영업 중 다음 날 02:00에 라스트오더 다음 날 2시 0분에 라스트오더 펼쳐보기
1174650270,한식,비빔밥,5. 한식 (일반 정식),송파구 비빔밥 배달 맛집,장옥정한식,"서울 송파구 석촌호수로 174 1층, 2층, 3층",1,0507-1304-3989,영업 종료 11:00에 영업 시작 11시 0분에 영업 시작 펼쳐보기
1043038008,한식,비빔밥,5. 한식 (일반 정식),강동구 비빔밥 배달 맛집,"석촌칼국수보리밥 길동점칼국수,만두",서울 강동구 진황도로 110 1층 101호,8,0507-1329-8042,영업 종료 10:00에 영업 시작 10시 0분에 영업 시작 펼쳐보기
2029171862,한식,비빔밥,5. 한식 (일반 정식),강동구 비빔밥 배달 맛집,고향 엄마손 생바지락 칼국수 강동점,서울 강동구 진황도로 99 109호,8,0507-1431-6695,영업 종료 11:00에 영업 시작 11시 0분에 영업 시작 펼쳐보기
1102788727,한식,비빔밥,5. 한식 (일반 정식),강동구 비빔밥 배달 맛집,너비집한식,서울 강동구 구천면로 436 1층 104호-105호,8,0507-1346-4084,오늘 휴무 매주 월요일 휴무 매주 월요일 휴무 펼쳐보기
2020655616,한식,비빔밥,5. 한식 (일반 정식),강동구 비빔밥 배달 맛집,맷돌집한식,서울 강동구 성안로3길 91 1층,8,0507-1394-6997,영업 종료 11:00에 영업 시작 11시 0분에 영업 시작 펼쳐보기
1833158511,한식,비빔밥,5. 한식 (일반 정식),영등포구 비빔밥 배달 맛집,함평집 여의도점한식,,4,,
1284986044,한식,비빔밥,5. 한식 (일반 정식),영등포구 비빔밥 배달 맛집,"고향 엄마손 생바지락 칼국수 영등포점칼국수,만두",,4,,
1118909423,한식,비빔밥,5. 한식 (일반 정식),영등포구 비빔밥 배달 맛집,단골손님 영등포점,,4,,
1416332473,한식,비빔밥,5. 한식 (일반 정식),영등포구 비빔밥 배달 맛집,"밀밭칼국수칼국수,만두",,4,,
13157346,한식,비빔밥,5. 한식 (일반 정식),영등포구 비빔밥 배달 맛집,라메흐꺄도한식,,4,,
11869750,한식,비빔밥,5. 한식 (일반 정식),영등포구 비빔밥 배달 맛집,새싹비빔밥전문점비빔밥,서울 영등포구 국회대로72길 17 KCC파크타운,4,02-784-7002,영업 종료 11:00에 영업 시작 11시 0분에 영업 시작 펼쳐보기 휴무일 05/24 부처님 오신 날 안내
1333686279,한식,비빔밥,5. 한식 (일반 정식),마포구 비빔밥 배달 맛집,고향 엄마손 생바지락 칼국수 마포공덕점,,3,,
1649311728,한식,비빔밥,5. 한식 (일반 정식),마포구 비빔밥 배달 맛집,한상,,3,,
1829693931,한식,비빔밥,5. 한식 (일반 정식),마포구 비빔밥 배달 맛집,온복국수 본점종합분식,,3,,
2061040275,한식,비빔밥,5. 한식 (일반 정식),마포구 비빔밥 배달 맛집,새참당 상암DMC본점한식,,3,,
1446545627,한식,비빔밥,5. 한식 (일반 정식),강서구 비빔밥 배달 맛집,달인대보칼국수 본점,서울 강서구 마곡중앙5로 6 보타닉푸르지오시티 서관 211호,2,02-3663-9571,영업 종료 11:00에 영업 시작 11시 0분에 영업 시작 펼쳐보기
1280175537,한식,비빔밥,5. 한식 (일반 정식),강서구 비빔밥 배달 맛집,할머니가차려주는밥상 마곡발산점,서울 강서구 공항대로 290 204호 할머니가 차려주는 밥상,2,0507-1352-6649,영업 종료 11:00에 영업 시작 11시 0분에 영업 시작 펼쳐보기
1928810930,한식,비빔밥,5. 한식 (일반 정식),강서구 비빔밥 배달 맛집,함평해장 마곡 발산역본점,서울 강서구 마곡동로 55 1층 103호,2,0507-1365-7602,영업 종료 10:00에 영업 시작 10시 0분에 영업 시작 펼쳐보기
1401274289,한식,비빔밥,5. 한식 (일반 정식),강서구 비빔밥 배달 맛집,"달인대보칼국수 NC백화점 강서점칼국수,만두",서울 강서구 강서로56길 17 B1층,2,02-2667-9884,영업 종료 11:00에 영업 시작 11시 0분에 영업 시작 펼쳐보기
1203329288,한식,비빔밥,5. 한식 (일반 정식),강서구 비빔밥 배달 맛집,오복수산나루 케이스퀘어 마곡점,서울 강서구 마곡중앙로 105-7 케이스퀘어마곡 타워 지하2층 B208호 1동 지하2층,2,0507-1399-8570,영업 종료 11:30에 영업 시작 11시 30분에 영업 시작 펼쳐보기
2011455495,한식,비빔밥,5. 한식 (일반 정식),강서구 비빔밥 배달 맛집,양은이네 발산역점,서울 강서구 강서로 360 1층 110~112호,2,0507-1402-9013,영업 종료 11:00에 영업 시작 11시 0분에 영업 시작 펼쳐보기
1210316810,한식,비빔밥,5. 한식 (일반 정식),양천구 비빔밥 배달 맛집,부빔,서울 양천구 오목로50길 23 문창오피스텔 104호 부빔,2,0507-1339-6829,영업 종료 11:00에 영업 시작 11시 0분에 영업 시작 펼쳐보기
1776208918,한식,비빔밥,5. 한식 (일반 정식),양천구 비빔밥 배달 맛집,고향 엄마손 생바지락 칼국수 서울목동점,서울 양천구 은행정로4길 25 1층 105호 엄마손칼국수,2,0507-1329-8276,영업 종료 09:00에 영업 시작 9시 0분에 영업 시작 펼쳐보기
2059699094,한식,비빔밥,5. 한식 (일반 정식),양천구 비빔밥 배달 맛집,"달인대보칼국수 신월IC점칼국수,만두",서울 양천구 남부순환로 399 진성빌딩 1층 102호,2,070-4814-0902,영업 종료 11:00에 영업 시작 11시 0분에 영업 시작 펼쳐보기
1114324209,한식,비빔밥,5. 한식 (일반 정식),양천구 비빔밥 배달 맛집,황태보감&왕코다리한식,서울 양천구 신월로 354 세원빌딩1층,2,02-2061-2062,영업 종료 11:00에 영업 시작 11시 0분에 영업 시작 펼쳐보기
1155073556,한식,비빔밥,5. 한식 (일반 정식),양천구 비빔밥 배달 맛집,달오리주물럭,서울 양천구 목동중앙서로1길 11 1층,2,0507-1306-6638,변경 안내🕛 2026.04.17. 더보기 주소 서울 양천구 목동중앙서로1길 11 1층 5목동역 3번 출구에서 782m 미터 찾아가는길 목동사거리 엉털네숯불꼼장어 본점 뒤 건물 1층 영업시간 영업 종료 16:00에 영업 시작 16시 0분에 영업 시작 펼쳐보기
1083134695,한식,비빔밥,5. 한식 (일반 정식),양천구 비빔밥 배달 맛집,우곳간 목동본점,서울 양천구 목동로15길 8 상가 3호,2,0507-1376-3117,영업 중 다음 날 01:00에 영업 종료 다음 날 1시 0분에 영업 종료 펼쳐보기
1407456940,한식,비빔밥,5. 한식 (일반 정식),종로구 비빔밥 배달 맛집,꽃밥에피다 북촌 친환경 그로서란트,서울 종로구 북촌로 39 1층,5,02-766-6272,영업 종료 레스토랑 11:30에 영업 시작 펼쳐보기
2000807877,한식,비빔밥,5. 한식 (일반 정식),종로구 비빔밥 배달 맛집,우슴 광화문 직영점,서울 종로구 세종대로23길 54 세종빌딩 1층 우슴,5,0507-1482-0702,영업 종료 10:00에 영업 시작 10시 0분에 영업 시작 펼쳐보기
1565418609,한식,비빔밥,5. 한식 (일반 정식),종로구 비빔밥 배달 맛집,강문순두부 종각본점,서울 종로구 종로5길 7 타워8 1층 102-1호,5,0507-1365-7490,영업 종료 10:00에 영업 시작 10시 0분에 영업 시작 펼쳐보기
1791259060,한식,비빔밥,5. 한식 (일반 정식),종로구 비빔밥 배달 맛집,오이지 대학로한식,서울 종로구 대학로9길 33,5,0507-1355-9977,영업 종료 11:30에 영업 시작 11시 30분에 영업 시작 펼쳐보기
1172369858,한식,비빔밥,5. 한식 (일반 정식),중구 비빔밥 배달 맛집,또먹소&조선명가,,5,042-535-6166,영업 종료 07:00에 영업 시작 7시 0분에 영업 시작 펼쳐보기
1945703235,한식,비빔밥,5. 한식 (일반 정식),중구 비빔밥 배달 맛집,교반 오류점,,5,042-712-5053,영업 종료 11:00에 영업 시작 11시 0분에 영업 시작 펼쳐보기
1794430167,한식,비빔밥,5. 한식 (일반 정식),중구 비빔밥 배달 맛집,돈까스상점돈가스,,5,042-528-0037,영업 종료 11:00에 영업 시작 11시 0분에 영업 시작 펼쳐보기
16071315,한식,비빔밥,5. 한식 (일반 정식),중구 비빔밥 배달 맛집,김밥천국,,5,042-222-6151,영업 종료 07:00에 영업 시작 7시 0분에 영업 시작 펼쳐보기
1697426871,한식,비빔밥,5. 한식 (일반 정식),용산구 비빔밥 배달 맛집,백년손님,서울 용산구 독서당로 23 1층,5,02-797-8508,영업 종료 09:30에 영업 시작 9시 30분에 영업 시작 펼쳐보기
34882972,한식,비빔밥,5. 한식 (일반 정식),용산구 비빔밥 배달 맛집,오통영 이촌점한식,서울 용산구 이촌로 300 렉스상가 12-2,5,0507-1315-2377,영업 종료 11:30에 영업 시작 11시 30분에 영업 시작 펼쳐보기
1078793230,한식,비빔밥,5. 한식 (일반 정식),용산구 비빔밥 배달 맛집,산해장 이태원점,서울 용산구 이태원로 138 1층,5,,오늘 휴무 05/11 휴무 05/11 휴무 펼쳐보기
1443792430,한식,비빔밥,5. 한식 (일반 정식),성동구 비빔밥 배달 맛집,원기옥 성수낙낙점,서울 성동구 아차산로17길 48 SKV1 1층 109호 원기옥 성수낙낙점,6,0507-1391-3000,영업 종료 11:30에 영업 시작 11시 30분에 영업 시작 펼쳐보기
34787360,한식,비빔밥,5. 한식 (일반 정식),성동구 비빔밥 배달 맛집,서울맛집,서울 성동구 성덕정15길 6-9 1층,6,0507-1332-2533,영업 종료 11:30에 영업 시작 11시 30분에 영업 시작 펼쳐보기
1907146760,한식,비빔밥,5. 한식 (일반 정식),성동구 비빔밥 배달 맛집,풍조미역 성수본점,서울 성동구 성수일로8길 60 1층,6,02-466-6665,영업 종료 11:00에 영업 시작 11시 0분에 영업 시작 펼쳐보기
1703703493,한식,비빔밥,5. 한식 (일반 정식),성동구 비빔밥 배달 맛집,한우타운 숯불구이 정육식당,"서울 성동구 마장로37길 59 1층, 2층",6,,영업 종료 11:00에 영업 시작 11시 0분에 영업 시작 펼쳐보기
12038685,한식,비빔밥,5. 한식 (일반 정식),성동구 비빔밥 배달 맛집,수제비먹는닭갈비한식,서울 성동구 왕십리로21길 14 1층,6,02-2297-8522,영업 종료 10:00에 영업 시작 10시 0분에 영업 시작 펼쳐보기
1413539412,한식,비빔밥,5. 한식 (일반 정식),성동구 비빔밥 배달 맛집,봉밀가 행당점,서울 성동구 고산자로 164 한신상가 하나은행 건물 지하1층 5호,6,0507-1362-1034,영업 종료 11:00에 영업 시작 11시 0분에 영업 시작 펼쳐보기
2040051147,한식,비빔밥,5. 한식 (일반 정식),노원구 비빔밥 배달 맛집,식당오소록한식,서울 노원구 공릉로41길 30 3층,7,0507-1473-3277,"오늘 휴무 05/11 휴무 05/11 휴무 펼쳐보기 휴무일 05/14, 05/29-06/15 안내"
2019986401,한식,비빔밥,5. 한식 (일반 정식),노원구 비빔밥 배달 맛집,삼구랭면 공릉도깨비시장점냉면,서울 노원구 동일로178길 19-38 102호,7,0507-1317-3942,영업 종료 10:00에 영업 시작 10시 0분에 영업 시작 펼쳐보기
1735393086,한식,비빔밥,5. 한식 (일반 정식),노원구 비빔밥 배달 맛집,이찌마김치한식,서울 노원구 광운로 5 2층 이찌마김치,7,0507-1406-2925,영업 종료 10:00에 영업 시작 10시 0분에 영업 시작 펼쳐보기 휴무일 05/24-05/25 안내
1548876957,한식,비빔밥,5. 한식 (일반 정식),노원구 비빔밥 배달 맛집,육연가 공릉직영점,서울 노원구 동일로 1006 1층,7,0507-1330-6843,영업 중 다음 날 00:30에 라스트오더 다음 날 0시 30분에 라스트오더 펼쳐보기
1806761451,한식,비빔밥,5. 한식 (일반 정식),노원구 비빔밥 배달 맛집,현덕리,서울 노원구 상계로1길 38-11 105호,7,0507-1410-7077,영업 종료 16:00에 영업 시작 16시 0분에 영업 시작 펼쳐보기
1323339579,한식,비빔밥,5. 한식 (일반 정식),강북구 비빔밥 배달 맛집,본죽&비빔밥 수유사거리점,서울 강북구 도봉로 285,7,02-989-6277,영업 종료 08:30에 영업 시작 8시 30분에 영업 시작 펼쳐보기
1282604466,한식,비빔밥,5. 한식 (일반 정식),강북구 비빔밥 배달 맛집,"서현칼국시칼국수,만두",서울 강북구 삼양로 587 1층,7,0507-1314-8912,영업 종료 10:30에 영업 시작 10시 30분에 영업 시작 펼쳐보기
2004241440,한식,비빔밥,5. 한식 (일반 정식),강북구 비빔밥 배달 맛집,우이애틋,서울 강북구 삼양로 525 1층 102호,7,,"영업 종료 11:00에 영업 시작 11시 0분에 영업 시작 펼쳐보기 휴무일 05/24 부처님 오신 날, 05/25 대체공휴일(부처님오신날) 안내 홈페이지 https://www.instagram.com/ui_kitchen525 편의 단체 이용 가능, 유아의자, 포장, 배"
32465297,한식,비빔밥,6. 한식 (해물 정식・회 전문점),강북구 비빔밥 배달 맛집,낙지일번지 수유본점,서울 강북구 도봉로89길 10,7,0507-1388-1099,영업 종료 11:00에 영업 시작 11시 0분에 영업 시작 펼쳐보기
1015195477,한식,비빔밥,5. 한식 (일반 정식),성북구 비빔밥 배달 맛집,갯마을바지락칼국수,서울 성북구 장위로 121 1층 갯마을바지락칼국수,7,0507-1482-3027,영업 종료 11:00에 영업 시작 11시 0분에 영업 시작 펼쳐보기
1105039709,한식,비빔밥,5. 한식 (일반 정식),성북구 비빔밥 배달 맛집,미아리우동집 성신여대점종합분식,서울 성북구 동소문로20가길 2 1층,7,0507-1492-3508,영업 종료 09:00에 영업 시작 9시 0분에 영업 시작 펼쳐보기
2019382590,한식,비빔밥,5. 한식 (일반 정식),성북구 비빔밥 배달 맛집,인생락국수,서울 성북구 동소문로8길 15 1층,7,0507-1377-3433,영업 종료 11:00에 영업 시작 11시 0분에 영업 시작 펼쳐보기
33758698,한식,비빔밥,5. 한식 (일반 정식),성북구 비빔밥 배달 맛집,밥짓고티우림한정식,서울 성북구 성북로2길 15 2층,7,0507-1402-4999,영업 종료 11:00에 영업 시작 11시 0분에 영업 시작 펼쳐보기
31234445,한식,비빔밥,5. 한식 (일반 정식),성북구 비빔밥 배달 맛집,두부촌,서울 성북구 안암로 43,7,0507-1323-5269,영업 종료 11:00에 영업 시작 11시 0분에 영업 시작 펼쳐보기
37525029,한식,비빔밥,5. 한식 (일반 정식),광진구 비빔밥 배달 맛집,광장동가온한식,서울 광진구 아차산로78길 75 106호,6,0507-1363-7100,영업 종료 11:20에 영업 시작 11시 20분에 영업 시작 펼쳐보기
1674851787,한식,비빔밥,5. 한식 (일반 정식),광진구 비빔밥 배달 맛집,"제일칼국수 건대점칼국수,만두",서울 광진구 동일로20길 67 1층,6,02-466-3485,영업 종료 11:00에 영업 시작 11시 0분에 영업 시작 펼쳐보기
2034482398,한식,비빔밥,5. 한식 (일반 정식),광진구 비빔밥 배달 맛집,계탉닭 본점,서울 광진구 능동로 271-1 1층,6,0507-1354-0939,영업 종료 11:30에 영업 시작 11시 30분에 영업 시작 펼쳐보기
1344863783,한식,비빔밥,6. 한식 (해물 정식・회 전문점),광진구 비빔밥 배달 맛집,미스터육회연어왕 군자점,서울 광진구 군자로 140,6,02-6951-4951,영업 종료 10:00에 영업 시작 10시 0분에 영업 시작 펼쳐보기
2009124719,한식,비빔밥,5. 한식 (일반 정식),광진구 비빔밥 배달 맛집,탐라육해 건대본점,서울 광진구 아차산로33길 36 1층,6,0507-1430-2017,영업 중 다음 날 04:00에 영업 종료 다음 날 4시 0분에 영업 종료 펼쳐보기
2022591196,한식,비빔밥,5. 한식 (일반 정식),동대문구 비빔밥 배달 맛집,석촌칼국수보리밥 장안점,"서울 동대문구 장한로 110 101호, 102호",6,0507-1302-4531,영업 종료 10:30에 영업 시작 10시 30분에 영업 시작 펼쳐보기
1776719608,한식,비빔밥,5. 한식 (일반 정식),동대문구 비빔밥 배달 맛집,비비밀 신설동역점,서울 동대문구 천호대로 7-4 1층,6,0507-1375-3972,영업 종료 10:00에 영업 시작 10시 0분에 영업 시작 펼쳐보기
36615008,한식,비빔밥,6. 한식 (해물 정식・회 전문점),동대문구 비빔밥 배달 맛집,극락돈 회기점,서울 동대문구 회기로28길 8 2층,6,02-957-2266,영업 종료 11:30에 영업 시작 11시 30분에 영업 시작 펼쳐보기
1556157330,한식,비빔밥,5. 한식 (일반 정식),동대문구 비빔밥 배달 맛집,서가네 정육식당정육식당,서울 동대문구 휘경로2길 10 1층 2층,6,02-969-6333,24시간 영업 연중무휴 연중무휴 펼쳐보기
2050474845,한식,비빔밥,5. 한식 (일반 정식),동대문구 비빔밥 배달 맛집,육연가 경희대직영점,,6,,
1870539574,한식,비빔밥,5. 한식 (일반 정식),은평구 비빔밥 배달 맛집,봉평옹심이메밀칼국수 응암역점,,3,,
2027782021,한식,비빔밥,5. 한식 (일반 정식),은평구 비빔밥 배달 맛집,보말진칼국수김밥 은평뉴타운점한식,,3,,
38276617,한식,비빔밥,5. 한식 (일반 정식),은평구 비빔밥 배달 맛집,해까득,,3,,
1833066432,한식,비빔밥,5. 한식 (일반 정식),은평구 비빔밥 배달 맛집,구석집,,3,,
1029555747,한식,비빔밥,5. 한식 (일반 정식),서대문구 비빔밥 배달 맛집,단골손님 신촌점요리주점,서울 서대문구 연세로7길 20 2층,3,0507-1477-4451,영업 중 다음 날 02:00에 라스트오더 다음 날 2시 0분에 라스트오더 펼쳐보기
2093827215,한식,비빔밥,5. 한식 (일반 정식),서대문구 비빔밥 배달 맛집,마닐로우한식,서울 서대문구 이화여대길 78 가동 2층,3,0507-1310-8127,영업 종료 11:00에 영업 시작 11시 0분에 영업 시작 펼쳐보기
1447196594,한식,비빔밥,5. 한식 (일반 정식),서대문구 비빔밥 배달 맛집,수라면옥 연희점냉면,,3,,
1154041220,한식,비빔밥,5. 한식 (일반 정식),서대문구 비빔밥 배달 맛집,"정가촌칼국시칼국수,만두",,3,,
2031543961,한식,비빔밥,5. 한식 (일반 정식),서대문구 비빔밥 배달 맛집,한아름한식,,3,,
1183428863,일식,돈카츠,2. 일식 (정식・초밥),강남구 돈카츠 배달 맛집,정돈 강남점돈가스,,1,,
148179327,일식,돈카츠,2. 일식 (정식・초밥),강남구 돈카츠 배달 맛집,정돈 신사점돈가스,,1,,
1204687706,일식,돈카츠,2. 일식 (정식・초밥),강남구 돈카츠 배달 맛집,이치규 본점,,1,,
1186508365,일식,돈카츠,2. 일식 (정식・초밥),강남구 돈카츠 배달 맛집,키세카츠 신사역점,서울 강남구 논현로149길 52 1층 101호,1,0507-1434-9179,영업 종료 11:00에 영업 시작 11시 0분에 영업 시작 펼쳐보기
1932482885,일식,돈카츠,2. 일식 (정식・초밥),강남구 돈카츠 배달 맛집,테보,서울 강남구 압구정로4길 13-3 1층,1,0507-1438-8978,영업 종료 11:30에 영업 시작 11시 30분에 영업 시작 펼쳐보기
1078525904,일식,돈카츠,2. 일식 (정식・초밥),강남구 돈카츠 배달 맛집,저스트카츠 강남본점,서울 강남구 학동로4길 10 101호,1,0507-1476-2465,영업 중 다음 날 01:30에 라스트오더 다음 날 1시 30분에 라스트오더 펼쳐보기
2078421298,일식,돈카츠,2. 일식 (정식・초밥),서초구 돈카츠 배달 맛집,코시 교대점,서울 서초구 서초대로48길 32 1층,1,0507-1303-3723,영업 종료 11:00에 영업 시작 11시 0분에 영업 시작 펼쳐보기
36667186,일식,돈카츠,2. 일식 (정식・초밥),서초구 돈카츠 배달 맛집,우주돈 방배,서울 서초구 방배로16길 6,1,0507-1374-5305,영업 종료 11:00에 영업 시작 11시 0분에 영업 시작 펼쳐보기
1652220988,일식,돈카츠,2. 일식 (정식・초밥),서초구 돈카츠 배달 맛집,가츠오 교대본점,서울 서초구 서초중앙로20길 21 1층 가츠오,1,0507-1312-5154,영업 종료 11:30에 영업 시작 11시 30분에 영업 시작 펼쳐보기
1881941743,일식,돈카츠,2. 일식 (정식・초밥),서초구 돈카츠 배달 맛집,훈스돈까스 방배직영점돈가스,서울 서초구 방배천로 42 1층,1,070-4090-8883,영업 종료 11:00에 영업 시작 11시 0분에 영업 시작 펼쳐보기
1089903794,일식,돈카츠,2. 일식 (정식・초밥),서초구 돈카츠 배달 맛집,덕자네방앗간떡볶이,서울 서초구 서초대로77길 62 1층,1,02-599-8959,영업 종료 11:00에 영업 시작 11시 0분에 영업 시작 펼쳐보기
1647346562,일식,돈카츠,2. 일식 (정식・초밥),서초구 돈카츠 배달 맛집,돈꿈 카츠앤소바,서울 서초구 효령로77길 34 B102호,1,0507-1443-4546,영업 종료 10:00에 영업 시작 10시 0분에 영업 시작 펼쳐보기
1420700131,일식,돈카츠,2. 일식 (정식・초밥),송파구 돈카츠 배달 맛집,헤세드 송리단길점,서울 송파구 백제고분로45길 9 1층,1,0507-1389-5915,영업 종료 11:00에 영업 시작 11시 0분에 영업 시작 펼쳐보기
1066163540,일식,돈카츠,2. 일식 (정식・초밥),송파구 돈카츠 배달 맛집,마초야 송파점,서울 송파구 백제고분로40길 24 1층,1,0507-1352-1403,영업 종료 11:30에 영업 시작 11시 30분에 영업 시작 펼쳐보기
1018112425,일식,돈카츠,2. 일식 (정식・초밥),송파구 돈카츠 배달 맛집,고미돈까스 가락점돈가스,서울 송파구 송이로17길 58-26 1층 고미돈까스,1,02-400-9261,영업 종료 10:30에 영업 시작 10시 30분에 영업 시작 펼쳐보기
1574765463,일식,돈카츠,2. 일식 (정식・초밥),송파구 돈카츠 배달 맛집,미타우동 본점,서울 송파구 송파대로49길 31 1층,1,0507-1390-5212,오늘 휴무 매주 월요일 휴무 매주 월요일 휴무 펼쳐보기
1088302356,일식,돈카츠,2. 일식 (정식・초밥),송파구 돈카츠 배달 맛집,수아영 잠실새내점,서울 송파구 올림픽로12길 50 1층 수아영,1,0507-1492-5802,오늘 휴무 매주 월요일 휴무 매주 월요일 휴무 펼쳐보기
1218935582,일식,돈카츠,2. 일식 (정식・초밥),송파구 돈카츠 배달 맛집,끼니공방 문정본점,서울 송파구 법원로 114 E동 지하1층 B104호 끼니공방 문정점,1,0507-1399-7208,영업 종료 11:00에 영업 시작 11시 0분에 영업 시작 펼쳐보기
1241955182,일식,돈카츠,2. 일식 (정식・초밥),강동구 돈카츠 배달 맛집,리애 프리미엄 올림픽공원직영점,서울 강동구 성내로18길 46 1층 1-1호,8,0507-1314-9588,영업 종료 11:00에 영업 시작 11시 0분에 영업 시작 펼쳐보기
1761897889,일식,돈카츠,2. 일식 (정식・초밥),강동구 돈카츠 배달 맛집,코시 강동구 길동점,서울 강동구 진황도로 110 1층 103호,8,0507-1420-0510,영업 종료 11:00에 영업 시작 11시 0분에 영업 시작 펼쳐보기
1853895481,일식,돈카츠,2. 일식 (정식・초밥),강동구 돈카츠 배달 맛집,흥도식당 강동점돈가스,서울 강동구 진황도로 123 광남캐스빌아파트201 1층 103호,8,0507-1328-5273,영업 종료 11:30에 영업 시작 11시 30분에 영업 시작 펼쳐보기
1778130858,일식,돈카츠,2. 일식 (정식・초밥),강동구 돈카츠 배달 맛집,끼니공방 강동직영점,서울 강동구 진황도로 99 1층 118호 끼니공방,8,0507-1359-6186,오늘 휴무 매주 월요일 휴무 매주 월요일 휴무 펼쳐보기
1180483115,일식,돈카츠,2. 일식 (정식・초밥),강동구 돈카츠 배달 맛집,푼푼왕돈까스,서울 강동구 고덕로 399 메가스퀘어동 1층 147호,8,0507-1366-9432,오늘 휴무 매주 월요일 휴무 매주 월요일 휴무 펼쳐보기
1624542413,일식,돈카츠,2. 일식 (정식・초밥),강동구 돈카츠 배달 맛집,이토야 암사본점,서울 강동구 올림픽로93길 9,8,02-428-0002,영업 종료 10:50에 영업 시작 10시 50분에 영업 시작 펼쳐보기
1458591395,일식,돈카츠,2. 일식 (정식・초밥),영등포구 돈카츠 배달 맛집,정돈프리미엄 더현대 서울점돈가스,서울 영등포구 여의대로 108 6층,4,0507-1432-0670,영업 종료 10:30에 영업 시작 10시 30분에 영업 시작 펼쳐보기
1594081901,일식,돈카츠,2. 일식 (정식・초밥),영등포구 돈카츠 배달 맛집,치소우다이닝 문래점일식당,,4,,
1225664224,일식,돈카츠,2. 일식 (정식・초밥),영등포구 돈카츠 배달 맛집,모에루 문래본점,,4,,
1233925038,일식,돈카츠,2. 일식 (정식・초밥),영등포구 돈카츠 배달 맛집,카츠아지 여의도점돈가스,"서울 영등포구 국제금융로 39 브라이튼 지하1층 108, 109, 110호",4,02-780-7982,영업 종료 10:30에 영업 시작 10시 30분에 영업 시작 펼쳐보기
1625468259,일식,돈카츠,2. 일식 (정식・초밥),영등포구 돈카츠 배달 맛집,미락카츠 본점돈가스,서울 영등포구 당산로35길 4-19 2층 미락카츠 본점,4,070-7677-8559,영업 종료 11:00에 영업 시작 11시 0분에 영업 시작 펼쳐보기
18584231,일식,돈카츠,2. 일식 (정식・초밥),영등포구 돈카츠 배달 맛집,모모돈까스돈가스,서울 영등포구 국제금융로 78 111호,4,02-782-2939,오늘 휴무 매주 일요일 휴무 매주 일요일 휴무 펼쳐보기
1636096003,일식,돈카츠,2. 일식 (정식・초밥),마포구 돈카츠 배달 맛집,카츠몬스터 연남본점,서울 마포구 동교로38길 42-6 1층 101호 카츠몬스터 연남본점,3,0507-1402-1382,영업 종료 10:30에 영업 시작 10시 30분에 영업 시작 펼쳐보기
1537730077,일식,돈카츠,2. 일식 (정식・초밥),마포구 돈카츠 배달 맛집,정돈 홍대점돈가스,서울 마포구 어울마당로 46,3,0507-1354-0923,영업 종료 11:30에 영업 시작 11시 30분에 영업 시작 펼쳐보기
35403210,일식,돈카츠,2. 일식 (정식・초밥),마포구 돈카츠 배달 맛집,홍대 카레츠,서울 마포구 월드컵로10길 15 1층,3,0507-1432-0996,오늘 휴무 매주 일요일 휴무 매주 일요일 휴무 펼쳐보기
666867511,일식,돈카츠,2. 일식 (정식・초밥),마포구 돈카츠 배달 맛집,카페나하 본점일식당,서울 마포구 희우정로16길 32 2층,3,0507-1306-1632,영업 종료 11:30에 영업 시작 11시 30분에 영업 시작 펼쳐보기
1073506193,일식,돈카츠,2. 일식 (정식・초밥),마포구 돈카츠 배달 맛집,카츠토랑 성산연남본점,서울 마포구 성미산로 95,3,0507-1385-3782,영업 종료 11:00에 영업 시작 11시 0분에 영업 시작 펼쳐보기
1038806414,일식,돈카츠,2. 일식 (정식・초밥),마포구 돈카츠 배달 맛집,망원돈까스,서울 마포구 망원로8길 74,3,0507-1317-1666,영업 종료 11:00에 영업 시작 11시 0분에 영업 시작 펼쳐보기
36321527,일식,돈카츠,2. 일식 (정식・초밥),강서구 돈카츠 배달 맛집,윤카츠 가양 본점,서울 강서구 화곡로 416 더스카이밸리5차 지식산업센터 2층 215호 윤카츠,2,0507-1310-2995,영업 종료 11:00에 영업 시작 11시 0분에 영업 시작 펼쳐보기
2034024563,일식,돈카츠,2. 일식 (정식・초밥),강서구 돈카츠 배달 맛집,멘쇼카츠,서울 강서구 강서로 378 1층 105호,2,0507-1474-2804,영업 종료 11:00에 영업 시작 11시 0분에 영업 시작 펼쳐보기
1596131027,일식,돈카츠,2. 일식 (정식・초밥),강서구 돈카츠 배달 맛집,돈카츠인정,서울 강서구 마곡중앙4로 22 파인스퀘어 a동 106호,2,0507-1345-0983,영업 종료 11:00에 영업 시작 11시 0분에 영업 시작 펼쳐보기
1695937691,일식,돈카츠,2. 일식 (정식・초밥),강서구 돈카츠 배달 맛집,최덕화돈까스,"서울 강서구 강서로 231 1층 139, 144호",2,0507-1496-0058,오늘 휴무 매주 일요일 휴무 매주 일요일 휴무 펼쳐보기
1961445606,일식,돈카츠,2. 일식 (정식・초밥),강서구 돈카츠 배달 맛집,"우동키노야 마곡점우동,소바","서울 강서구 마곡동로3길 6 1층 102,103호",2,0507-1314-3549,영업 종료 11:00에 영업 시작 11시 0분에 영업 시작 펼쳐보기
1672461075,일식,돈카츠,2. 일식 (정식・초밥),강서구 돈카츠 배달 맛집,요쇼쿠 마곡점,서울 강서구 마곡중앙6로 45 리더스퀘어 2층 213호,2,0507-1321-5096,오늘 휴무 매주 일요일 휴무 매주 일요일 휴무 펼쳐보기
1201231781,일식,돈카츠,2. 일식 (정식・초밥),양천구 돈카츠 배달 맛집,아임카츠 목동점,서울 양천구 중앙로32길 55 동화프라자 1층,2,0507-1370-6180,영업 종료 11:00에 영업 시작 11시 0분에 영업 시작 펼쳐보기
1864310140,일식,돈카츠,2. 일식 (정식・초밥),양천구 돈카츠 배달 맛집,가츠앤밀 목동본점돈가스,서울 양천구 목동로 224 대원칸타빌 1차아파트 상가 101-2호,2,0507-1344-1425,영업 종료 11:00에 영업 시작 11시 0분에 영업 시작 펼쳐보기
1308298219,일식,돈카츠,2. 일식 (정식・초밥),양천구 돈카츠 배달 맛집,"이키이키우동,소바",서울 양천구 목동동로14길 10 1층,2,0507-1346-0736,영업 종료 11:30에 영업 시작 11시 30분에 영업 시작 펼쳐보기
2033611454,일식,돈카츠,2. 일식 (정식・초밥),양천구 돈카츠 배달 맛집,카츠패밀리 목동14단지점,서울 양천구 목동동로8길 25 1층 101호,2,0507-1395-7813,영업 종료 10:30에 영업 시작 10시 30분에 영업 시작 펼쳐보기
2078024213,일식,돈카츠,2. 일식 (정식・초밥),양천구 돈카츠 배달 맛집,"명성우동우동,소바",서울 양천구 국회대로10길 16 1층 명성우동,2,0507-1498-1731,영업 종료 11:30에 영업 시작 11시 30분에 영업 시작 펼쳐보기
1936172952,일식,돈카츠,2. 일식 (정식・초밥),양천구 돈카츠 배달 맛집,호돈돈가스돈가스,서울 양천구 신월로 132,2,0507-1399-7789,영업 종료 11:00에 영업 시작 11시 0분에 영업 시작 펼쳐보기
37126807,일식,돈카츠,2. 일식 (정식・초밥),종로구 돈카츠 배달 맛집,정돈 대학로본점돈가스,서울 종로구 대학로9길 12 지층,5,0507-1408-0924,영업 종료 11:30에 영업 시작 11시 30분에 영업 시작 펼쳐보기
1030718470,일식,돈카츠,2. 일식 (정식・초밥),종로구 돈카츠 배달 맛집,메종 아카이 혜화본점,서울 종로구 대명길 34 2층,5,0507-1301-0394,영업 종료 11:30에 영업 시작 11시 30분에 영업 시작 펼쳐보기
2070284578,일식,돈카츠,2. 일식 (정식・초밥),종로구 돈카츠 배달 맛집,카츠헤세드 혜화 대학로점,서울 종로구 대학로 146 1층 102호 카츠헤세드 혜화 대학로점,5,0507-1363-5916,영업 종료 11:00에 영업 시작 11시 0분에 영업 시작 펼쳐보기
2016927536,일식,돈카츠,2. 일식 (정식・초밥),종로구 돈카츠 배달 맛집,이치규 광화문점,서울 종로구 종로 19 르메이에르종로타운 지하1층 B123호,5,070-7705-0930,영업 종료 11:00에 영업 시작 11시 0분에 영업 시작 펼쳐보기
2086785604,일식,돈카츠,2. 일식 (정식・초밥),종로구 돈카츠 배달 맛집,키세카츠 안국역점,서울 종로구 율곡로 88 2층 205호,5,0507-1338-1981,영업 종료 11:00에 영업 시작 11시 0분에 영업 시작 펼쳐보기
1803926134,일식,돈카츠,2. 일식 (정식・초밥),종로구 돈카츠 배달 맛집,카산도 혜화대학로점,서울 종로구 동숭길 55 1층 카산도 대학로점,5,0507-1399-7674,영업 종료 11:00에 영업 시작 11시 0분에 영업 시작 펼쳐보기
1846113867,일식,돈카츠,2. 일식 (정식・초밥),중구 돈카츠 배달 맛집,대전은행동별리달리돈까스,,5,0507-1375-8865,영업 종료 10:30에 영업 시작 10시 30분에 영업 시작 펼쳐보기
1852994361,일식,돈카츠,2. 일식 (정식・초밥),중구 돈카츠 배달 맛집,반석돈가스 대전 본점돈가스,,5,0507-1489-8383,영업 종료 11:30에 영업 시작 11시 30분에 영업 시작 펼쳐보기
1000728728,일식,돈카츠,2. 일식 (정식・초밥),중구 돈카츠 배달 맛집,호세키카츠,,5,0507-1306-9381,영업 종료 11:30에 영업 시작 11시 30분에 영업 시작 펼쳐보기
350735966,일식,돈카츠,2. 일식 (정식・초밥),중구 돈카츠 배달 맛집,"소바노하나우동,소바",,5,042-254-7811,영업 종료 11:00에 영업 시작 11시 0분에 영업 시작 펼쳐보기
915320337,일식,돈카츠,2. 일식 (정식・초밥),중구 돈카츠 배달 맛집,도쿄돈부리 은행점일식당,,5,0507-1323-2213,영업 종료 11:00에 영업 시작 11시 0분에 영업 시작 펼쳐보기
1927417762,일식,돈카츠,2. 일식 (정식・초밥),용산구 돈카츠 배달 맛집,재재식당,서울 용산구 녹사평대로40길 59-1 1층 재재식당,5,0507-1325-1304,영업 종료 11:00에 영업 시작 11시 0분에 영업 시작 펼쳐보기
1774772870,일식,돈카츠,2. 일식 (정식・초밥),용산구 돈카츠 배달 맛집,우동키노야 신용산본점,서울 용산구 한강대로7길 18-13 1층,5,0507-1408-1984,영업 종료 11:00에 영업 시작 11시 0분에 영업 시작 펼쳐보기
1625575602,일식,돈카츠,2. 일식 (정식・초밥),용산구 돈카츠 배달 맛집,일백돈까스,서울 용산구 녹사평대로32길 24 2층,5,0507-1368-5963,영업 종료 10:30에 영업 시작 10시 30분에 영업 시작 펼쳐보기
1331614274,일식,돈카츠,2. 일식 (정식・초밥),용산구 돈카츠 배달 맛집,인생돈가스 용산삼각지역점,서울 용산구 한강대로57길 34 1층,5,0507-1360-9338,영업 종료 11:30에 영업 시작 11시 30분에 영업 시작 펼쳐보기
2048018953,일식,돈카츠,2. 일식 (정식・초밥),용산구 돈카츠 배달 맛집,용산돈까스온정경양식당 용산점돈가스,서울 용산구 백범로 341 B동 1층 107호,5,0507-1340-3564,오늘 휴무 매주 월요일 휴무 매주 월요일 휴무 펼쳐보기
2062330737,일식,돈카츠,2. 일식 (정식・초밥),용산구 돈카츠 배달 맛집,고시고시 숙대입구역직영점,,5,,
1194887467,일식,돈카츠,2. 일식 (정식・초밥),성동구 돈카츠 배달 맛집,정돈 성수점돈가스,,6,,
1914134803,일식,돈카츠,2. 일식 (정식・초밥),성동구 돈카츠 배달 맛집,이키가이,,6,,
2091283673,일식,돈카츠,2. 일식 (정식・초밥),성동구 돈카츠 배달 맛집,카츠연가 성수,,6,,
1365083904,일식,돈카츠,2. 일식 (정식・초밥),성동구 돈카츠 배달 맛집,수북동 by 윤경양식당,서울 성동구 서울숲2길 40 1층,6,0507-1441-2408,영업 종료 11:00에 영업 시작 11시 0분에 영업 시작 펼쳐보기
2005764240,일식,돈카츠,2. 일식 (정식・초밥),성동구 돈카츠 배달 맛집,카이카츠 성수점돈가스,서울 성동구 성수일로12길 26 1층 101호,6,,영업 종료 11:00에 영업 시작 11시 0분에 영업 시작 펼쳐보기
1778707941,일식,돈카츠,2. 일식 (정식・초밥),성동구 돈카츠 배달 맛집,탐광일식당,,6,,
2060807957,일식,돈카츠,2. 일식 (정식・초밥),노원구 돈카츠 배달 맛집,정성카츠 공릉점,,7,,
1705106572,일식,돈카츠,2. 일식 (정식・초밥),노원구 돈카츠 배달 맛집,유키가츠&텐동 노원점,서울 노원구 공릉로46길 23 상가동 1층 유키가츠&텐동,7,0507-1413-4112,영업 종료 10:30에 영업 시작 10시 30분에 영업 시작 펼쳐보기
1639494672,일식,돈카츠,2. 일식 (정식・초밥),노원구 돈카츠 배달 맛집,호재돈까스돈가스,,7,,
1490005496,일식,돈카츠,2. 일식 (정식・초밥),노원구 돈카츠 배달 맛집,보람 공릉 본점,,7,,
1612572766,일식,돈카츠,2. 일식 (정식・초밥),노원구 돈카츠 배달 맛집,쿠마키친 수락산점,서울 노원구 동일로242길 61 1층 쿠마키친 수락산점,7,0507-1348-3907,영업 종료 11:00에 영업 시작 11시 0분에 영업 시작 펼쳐보기
1316857053,일식,돈카츠,2. 일식 (정식・초밥),노원구 돈카츠 배달 맛집,휴돈정돈가스,서울 노원구 동일로191가길 6 104호,7,0507-1432-5889,영업 종료 11:30에 영업 시작 11시 30분에 영업 시작 펼쳐보기
1010435240,일식,돈카츠,2. 일식 (정식・초밥),강북구 돈카츠 배달 맛집,카츠아키 수유본점,서울 강북구 한천로139가길 26 1층 102호,7,0507-1313-3158,영업 종료 11:00에 영업 시작 11시 0분에 영업 시작 펼쳐보기 휴무일 05/12 안내
1536086656,일식,돈카츠,2. 일식 (정식・초밥),강북구 돈카츠 배달 맛집,진심왕돈까스 강북 수유점,서울 강북구 오패산로 413 2층 진심왕돈까스 강북 수유점,7,0507-1343-1634,영업 종료 10:30에 영업 시작 10시 30분에 영업 시작 펼쳐보기
1245035796,일식,돈카츠,2. 일식 (정식・초밥),강북구 돈카츠 배달 맛집,썬데이스낵,서울 강북구 도봉로10길 54 남상빌딩 1층,7,0507-1380-0062,오늘 휴무 매주 월요일 휴무 매주 월요일 휴무 펼쳐보기
2075424014,일식,돈카츠,2. 일식 (정식・초밥),강북구 돈카츠 배달 맛집,우동키노야 미아역점,서울 강북구 도봉로 184 1층,7,02-980-8089,영업 종료 11:00에 영업 시작 11시 0분에 영업 시작 펼쳐보기
1935343667,일식,돈카츠,2. 일식 (정식・초밥),강북구 돈카츠 배달 맛집,카츠쇼쿠도우 수유점,,7,,
37854938,일식,돈카츠,2. 일식 (정식・초밥),강북구 돈카츠 배달 맛집,이씨부엌,,7,,
130074875,일식,돈카츠,2. 일식 (정식・초밥),성북구 돈카츠 배달 맛집,도쿄커틀릿 성신여대점,서울 성북구 동소문로22길 57-1,7,0507-1360-4052,오늘 휴무 매주 월요일 휴무 매주 월요일 휴무 펼쳐보기
1064416403,일식,돈카츠,2. 일식 (정식・초밥),성북구 돈카츠 배달 맛집,대단한돈까스 서울정릉점돈가스,서울 성북구 보국문로 13-1 2층,7,0507-1351-0886,영업 종료 11:00에 영업 시작 11시 0분에 영업 시작 펼쳐보기
1175689621,일식,돈카츠,2. 일식 (정식・초밥),성북구 돈카츠 배달 맛집,밀튼가츠멘,서울 성북구 동소문로 65-2 삼송빌딩1층,7,02-928-8851,영업 종료 11:00에 영업 시작 11시 0분에 영업 시작 펼쳐보기
1180973329,일식,돈카츠,2. 일식 (정식・초밥),성북구 돈카츠 배달 맛집,미우카츠돈가스,서울 성북구 안암로9가길 76 1층,7,0507-1356-7111,영업 종료 11:00에 영업 시작 11시 0분에 영업 시작 펼쳐보기
1249486886,일식,돈카츠,2. 일식 (정식・초밥),성북구 돈카츠 배달 맛집,백호카츠 고려대점돈가스,서울 성북구 고려대로27길 34 1층,7,0507-1315-1037,영업 종료 10:30에 영업 시작 10시 30분에 영업 시작 펼쳐보기
2064819529,일식,돈카츠,2. 일식 (정식・초밥),성북구 돈카츠 배달 맛집,맛나우동돈까스 성북구청점,서울 성북구 보문로 141-2 1층,7,070-8691-1797,영업 종료 11:00에 영업 시작 11시 0분에 영업 시작 펼쳐보기
1093710249,일식,돈카츠,2. 일식 (정식・초밥),광진구 돈카츠 배달 맛집,카츠 헤세드 어린이대공원점,서울 광진구 능동로 246 2층,6,0507-1420-5915,영업 종료 11:00에 영업 시작 11시 0분에 영업 시작 펼쳐보기
1868271996,일식,돈카츠,2. 일식 (정식・초밥),광진구 돈카츠 배달 맛집,코시 건대점,서울 광진구 아차산로 197 1층,6,0507-1358-2587,영업 종료 11:10에 영업 시작 11시 10분에 영업 시작 펼쳐보기
1167954699,일식,돈카츠,2. 일식 (정식・초밥),광진구 돈카츠 배달 맛집,군자주민,서울 광진구 천호대로112길 28 1층,6,0507-1386-5317,영업 종료 11:00에 영업 시작 11시 0분에 영업 시작 펼쳐보기
2087140341,일식,돈카츠,2. 일식 (정식・초밥),광진구 돈카츠 배달 맛집,범카츠 건대역점,서울 광진구 아차산로 212 101호,6,0507-1397-0048,영업 종료 10:00에 영업 시작 10시 0분에 영업 시작 펼쳐보기
1169400648,일식,돈카츠,2. 일식 (정식・초밥),광진구 돈카츠 배달 맛집,카츠옹,서울 광진구 자양번영로 21 1층,6,0507-1448-0567,오늘 휴무 매주 월요일 휴무 매주 월요일 휴무 펼쳐보기
2025964236,일식,돈카츠,2. 일식 (정식・초밥),광진구 돈카츠 배달 맛집,마초야 구의점,서울 광진구 아차산로 456 1층 101호,6,0507-1343-5757,영업 종료 11:30에 영업 시작 11시 30분에 영업 시작 펼쳐보기
1093941969,일식,돈카츠,2. 일식 (정식・초밥),동대문구 돈카츠 배달 맛집,진심왕돈까스 장안점,서울 동대문구 답십리로 298 1층,6,0507-1329-7361,영업 종료 10:30에 영업 시작 10시 30분에 영업 시작 펼쳐보기
2005130475,일식,돈카츠,2. 일식 (정식・초밥),동대문구 돈카츠 배달 맛집,시카고왕돈까스,서울 동대문구 답십리로 27 나동 1층 103호,6,0507-1395-0580,영업 종료 11:00에 영업 시작 11시 0분에 영업 시작 펼쳐보기
2037707338,일식,돈카츠,2. 일식 (정식・초밥),동대문구 돈카츠 배달 맛집,경희경양식,서울 동대문구 경희대로1가길 6 1층,6,0507-1351-9433,영업 종료 11:00에 영업 시작 11시 0분에 영업 시작 펼쳐보기
1372343971,일식,돈카츠,2. 일식 (정식・초밥),동대문구 돈카츠 배달 맛집,오늘동 청량리본점,서울 동대문구 답십리로 61-1 1층,6,0507-1333-4909,영업 종료 11:00에 영업 시작 11시 0분에 영업 시작 펼쳐보기
1024555085,일식,돈카츠,2. 일식 (정식・초밥),동대문구 돈카츠 배달 맛집,콘반일식당,서울 동대문구 한천로26길 48-12 듀펠센터 1층,6,0507-1316-3903,영업 종료 11:30에 영업 시작 11시 30분에 영업 시작 펼쳐보기
1028650823,일식,돈카츠,2. 일식 (정식・초밥),동대문구 돈카츠 배달 맛집,잇츠소유 경희대본점,서울 동대문구 회기로19길 18 2층 잇츠소유,6,0507-1322-6095,영업 종료 10:45에 영업 시작 10시 45분에 영업 시작 펼쳐보기
1163080891,일식,돈카츠,2. 일식 (정식・초밥),은평구 돈카츠 배달 맛집,이치고이치에 연신내 본점일식당,서울 은평구 연서로27길 26 1층,3,0507-1391-8932,오늘 휴무 매주 월요일 휴무 매주 월요일 휴무 펼쳐보기
1816689066,일식,돈카츠,2. 일식 (정식・초밥),은평구 돈카츠 배달 맛집,다온카츠 연신내본점,서울 은평구 연서로29길 21-11 1.5층 다온카츠,3,0507-1449-9005,영업 종료 11:30에 영업 시작 11시 30분에 영업 시작 펼쳐보기
1052027698,일식,돈카츠,2. 일식 (정식・초밥),은평구 돈카츠 배달 맛집,겸손돈가스 구파발점돈가스,서울 은평구 통일로 1034 판매시설동 103호,3,0507-1403-6544,영업 종료 11:00에 영업 시작 11시 0분에 영업 시작 펼쳐보기
1563653291,일식,돈카츠,2. 일식 (정식・초밥),은평구 돈카츠 배달 맛집,호코 본점,서울 은평구 연서로27길 21 2층 호코,3,02-2135-6683,영업 종료 11:30에 영업 시작 11시 30분에 영업 시작 펼쳐보기
1221244671,일식,돈카츠,2. 일식 (정식・초밥),은평구 돈카츠 배달 맛집,저스트카츠 수색점돈가스,"서울 은평구 수색로 217 1층 118, 119호",3,,영업 종료 11:00에 영업 시작 11시 0분에 영업 시작 펼쳐보기
1170863587,일식,돈카츠,2. 일식 (정식・초밥),은평구 돈카츠 배달 맛집,인생돈카츠 불광본점,서울 은평구 통일로65길 12-10 1층,3,0507-1352-3920,영업 종료 10:20에 영업 시작 10시 20분에 영업 시작 펼쳐보기
1191692618,일식,돈카츠,2. 일식 (정식・초밥),서대문구 돈카츠 배달 맛집,사장님돈까스 본점돈가스,서울 서대문구 이화여대7길 11 1층,3,0507-1460-2280,영업 종료 10:00에 영업 시작 10시 0분에 영업 시작 펼쳐보기
38003633,일식,돈카츠,2. 일식 (정식・초밥),서대문구 돈카츠 배달 맛집,곰소바 돈까스,서울 서대문구 경기대로 64 인창빌딩 1층 곰소바,3,0507-1414-6461,영업 종료 11:00에 영업 시작 11시 0분에 영업 시작 펼쳐보기
1542703501,일식,돈카츠,2. 일식 (정식・초밥),서대문구 돈카츠 배달 맛집,소소식탁 홍제,,3,,
1216111338,일식,돈카츠,2. 일식 (정식・초밥),서대문구 돈카츠 배달 맛집,도모카츠 본점,,3,,
37057499,일식,돈카츠,2. 일식 (정식・초밥),서대문구 돈카츠 배달 맛집,소오,서울 서대문구 이화여대길 50-10 1층 소오,3,0507-1348-8919,영업 종료 11:00에 영업 시작 11시 0분에 영업 시작 펼쳐보기 매달 4번째 토요일 정기 휴무
1508831289,일식,돈카츠,2. 일식 (정식・초밥),서대문구 돈카츠 배달 맛집,치히로 신촌점,,3,,
1124306075,일식,라멘,4. 일식 (기타 전문점：카레・라면 등),강남구 라멘 배달 맛집,타카이 청담점,서울 강남구 학동로53길 19 1층,1,0507-1455-0321,영업 종료 11:00에 영업 시작 11시 0분에 영업 시작 펼쳐보기
1409389631,일식,라멘,4. 일식 (기타 전문점：카레・라면 등),강남구 라멘 배달 맛집,카이카츠 논현점돈가스,서울 강남구 언주로134길 24 1층 카이카츠,1,02-543-1161,영업 종료 11:00에 영업 시작 11시 0분에 영업 시작 펼쳐보기
342041480,일식,라멘,4. 일식 (기타 전문점：카레・라면 등),강남구 라멘 배달 맛집,모리일식당,서울 강남구 개포로 623 대청타워 지하1층108~109호,1,0507-1300-5361,영업 종료 09:00에 영업 시작 9시 0분에 영업 시작 펼쳐보기
1608655202,일식,라멘,4. 일식 (기타 전문점：카레・라면 등),강남구 라멘 배달 맛집,우시라멘,서울 강남구 논현로20길 22 1층 101호,1,0507-1478-0450,영업 종료 11:00에 영업 시작 11시 0분에 영업 시작 펼쳐보기
1320231021,일식,라멘,2. 일식 (정식・초밥),강남구 라멘 배달 맛집,우제홍초밥 학동역점,서울 강남구 논현로131길 7 1층 우제홍 초밥,1,0507-1393-1385,영업 종료 11:00에 영업 시작 11시 0분에 영업 시작 펼쳐보기
1488625963,일식,라멘,4. 일식 (기타 전문점：카레・라면 등),강남구 라멘 배달 맛집,갓포라멘일본식라면,서울 강남구 선릉로155길 21 1층,1,02-6952-0520,영업 종료 11:00에 영업 시작 11시 0분에 영업 시작 펼쳐보기
1165918398,일식,라멘,4. 일식 (기타 전문점：카레・라면 등),서초구 라멘 배달 맛집,멘쇼쿠,서울 서초구 강남대로99길 10 2F,1,,영업 종료 11:00에 영업 시작 11시 0분에 영업 시작 펼쳐보기
1671923943,일식,라멘,4. 일식 (기타 전문점：카레・라면 등),서초구 라멘 배달 맛집,산쪼메 서래본점,서울 서초구 서래로7길 15 102호,1,0507-1417-7338,영업 종료 11:00에 영업 시작 11시 0분에 영업 시작 펼쳐보기
1299861517,일식,라멘,4. 일식 (기타 전문점：카레・라면 등),서초구 라멘 배달 맛집,큐슈울트라아멘 양재점일본식라면,서울 서초구 마방로10길 18-18 1층,1,0507-1419-0498,영업 종료 내일 휴무 내일 휴무 펼쳐보기 05/24  부처님 오신 날 휴무
1375895476,일식,라멘,4. 일식 (기타 전문점：카레・라면 등),서초구 라멘 배달 맛집,헝그리 곰바일식당,서울 서초구 방배천로4안길 61,1,0507-1476-5963,영업 종료 11:30에 영업 시작 11시 30분에 영업 시작 펼쳐보기
2001157165,일식,라멘,4. 일식 (기타 전문점：카레・라면 등),서초구 라멘 배달 맛집,앵그리곰바일식당,서울 서초구 방배천로2안길 118 1층,1,0507-1476-8957,영업 종료 11:30에 영업 시작 11시 30분에 영업 시작 펼쳐보기
1977829878,일식,라멘,4. 일식 (기타 전문점：카레・라면 등),서초구 라멘 배달 맛집,멘야하나비 신사점,서울 서초구 강남대로101안길 18-1 1층 멘야하나비 신사점 (신사역 5번 출구),1,0507-1365-7788,영업 종료 11:30에 영업 시작 11시 30분에 영업 시작 펼쳐보기
1461060382,일식,라멘,4. 일식 (기타 전문점：카레・라면 등),송파구 라멘 배달 맛집,잇쇼니라멘 문정본점,서울 송파구 법원로 114 엠스테이트 E동 지1층 B166,1,0507-1387-1249,영업 종료 10:30에 영업 시작 10시 30분에 영업 시작 펼쳐보기
1181083449,일식,라멘,4. 일식 (기타 전문점：카레・라면 등),송파구 라멘 배달 맛집,동면 송파방이점,,1,,
1009893019,일식,라멘,2. 일식 (정식・초밥),송파구 라멘 배달 맛집,청담초밥 문정점,,1,,
1618725320,일식,라멘,4. 일식 (기타 전문점：카레・라면 등),송파구 라멘 배달 맛집,하루토라멘,,1,,
1336821272,일식,라멘,4. 일식 (기타 전문점：카레・라면 등),송파구 라멘 배달 맛집,흥도식당돈가스,,1,,
1450112426,일식,라멘,4. 일식 (기타 전문점：카레・라면 등),송파구 라멘 배달 맛집,우즈마키 문정본점,,1,,
756061413,일식,라멘,4. 일식 (기타 전문점：카레・라면 등),강동구 라멘 배달 맛집,스키마야식당,,8,,
1637966123,일식,라멘,4. 일식 (기타 전문점：카레・라면 등),강동구 라멘 배달 맛집,멘야세븐,서울 강동구 양재대로112길 45 1층,8,0507-1357-7807,영업 종료 11:30에 영업 시작 11시 30분에 영업 시작 펼쳐보기
2088248171,일식,라멘,2. 일식 (정식・초밥),강동구 라멘 배달 맛집,으뜸스시 천호점,서울 강동구 올림픽로78길 60 이스턴스퀘어동 1-103호,8,0507-1361-3303,영업 종료 11:30에 영업 시작 11시 30분에 영업 시작 펼쳐보기
1829531820,일식,라멘,4. 일식 (기타 전문점：카레・라면 등),강동구 라멘 배달 맛집,핵밥 천호점,,8,,
1739876799,일식,라멘,4. 일식 (기타 전문점：카레・라면 등),영등포구 라멘 배달 맛집,멘야이찌방 문래점,서울 영등포구 경인로 706 한양빌딩 1층 103호 (문래동1가),4,0507-1373-7857,영업 종료 11:00에 영업 시작 11시 0분에 영업 시작 펼쳐보기
1054909660,일식,라멘,4. 일식 (기타 전문점：카레・라면 등),영등포구 라멘 배달 맛집,소노키라멘 영등포점일본식라면,,4,,
1713305276,일식,라멘,4. 일식 (기타 전문점：카레・라면 등),영등포구 라멘 배달 맛집,이와타,,4,,
1937428754,일식,라멘,4. 일식 (기타 전문점：카레・라면 등),영등포구 라멘 배달 맛집,하하코식당 여의도,서울 영등포구 63로 36 리버타워 B1.,4,0507-1353-5979,영업 종료 10:30에 영업 시작 10시 30분에 영업 시작 펼쳐보기 휴무일 05/24 안내
36636955,일식,라멘,4. 일식 (기타 전문점：카레・라면 등),영등포구 라멘 배달 맛집,반샤쿠Japanese dining,서울 영등포구 영중로6길 12 포레스트힐시티,4,0507-1312-7794,영업 종료 17:00에 영업 시작 17시 0분에 영업 시작 펼쳐보기
36097869,일식,라멘,4. 일식 (기타 전문점：카레・라면 등),마포구 라멘 배달 맛집,라멘트럭 상수본점,서울 마포구 독막로14길 31 1층 라멘트럭,3,02-336-8456,영업 종료 11:00에 영업 시작 11시 0분에 영업 시작 펼쳐보기
1189142297,일식,라멘,4. 일식 (기타 전문점：카레・라면 등),마포구 라멘 배달 맛집,후타츠 홍대일본식라면,서울 마포구 와우산로15길 28 1층,3,,오늘 휴무 매주 월요일 휴무 매주 월요일 휴무 펼쳐보기 휴무일 05/25-05/28 안내
1982628767,일식,라멘,4. 일식 (기타 전문점：카레・라면 등),마포구 라멘 배달 맛집,츠케루 공덕점일식당,,3,,
1854196281,일식,라멘,4. 일식 (기타 전문점：카레・라면 등),마포구 라멘 배달 맛집,멘야호타루일본식라면,,3,,
34228290,일식,라멘,2. 일식 (정식・초밥),마포구 라멘 배달 맛집,홍대 돈까스 혼가츠,서울 마포구 와우산로21길 36-6 1층 102호,3,02-322-8850,영업 종료 11:00에 영업 시작 11시 0분에 영업 시작 펼쳐보기
1467566565,일식,라멘,4. 일식 (기타 전문점：카레・라면 등),마포구 라멘 배달 맛집,거북이의꿈 본점일본식라면,서울 마포구 성미산로 190-31 지1층,3,0507-1368-2633,영업 종료 11:30에 영업 시작 11시 30분에 영업 시작 펼쳐보기
1542874651,일식,라멘,4. 일식 (기타 전문점：카레・라면 등),강서구 라멘 배달 맛집,큐슈울트라아멘 마곡나루역점,서울 강서구 마곡중앙로 171 1층 102호,2,0507-1402-3338,영업 종료 11:00에 영업 시작 11시 0분에 영업 시작 펼쳐보기
1466367030,일식,라멘,4. 일식 (기타 전문점：카레・라면 등),강서구 라멘 배달 맛집,카메야라멘 본점,서울 강서구 강서로 489-4 2층,2,0507-1403-3412,영업 종료 11:00에 영업 시작 11시 0분에 영업 시작 펼쳐보기
2009142885,일식,라멘,4. 일식 (기타 전문점：카레・라면 등),강서구 라멘 배달 맛집,신센라멘 마곡점일본식라면,서울 강서구 마곡중앙로 161-17 1층 114호,2,070-4833-0529,영업 종료 10:00에 영업 시작 10시 0분에 영업 시작 펼쳐보기
1188080252,일식,라멘,2. 일식 (정식・초밥),강서구 라멘 배달 맛집,으뜸스시 마곡나루점,"서울 강서구 마곡중앙5로1길 20 보타닉 비즈타워 2층 210호, 211호, 212호",2,0507-1496-1702,영업 종료 11:30에 영업 시작 11시 30분에 영업 시작 펼쳐보기
2066381545,일식,라멘,2. 일식 (정식・초밥),강서구 라멘 배달 맛집,스시이안앤 서울화곡점,서울 강서구 화곡로 110 1층 103호,2,0507-1396-7883,영업 종료 11:30에 영업 시작 11시 30분에 영업 시작 펼쳐보기
1298466319,일식,라멘,4. 일식 (기타 전문점：카레・라면 등),양천구 라멘 배달 맛집,장라멘,서울 양천구 신월로 149 1층,2,0507-1338-9190,영업 종료 11:00에 영업 시작 11시 0분에 영업 시작 펼쳐보기
1220496674,일식,라멘,4. 일식 (기타 전문점：카레・라면 등),양천구 라멘 배달 맛집,칸키라멘일본식라면,서울 양천구 오목로48길 10 1층,2,0507-1388-4620,"오늘 휴무 05/09 휴무 05/09 휴무 펼쳐보기 - 공휴일, 임시공휴일은 11:00-20:00입니다^_^"
2010679967,일식,라멘,4. 일식 (기타 전문점：카레・라면 등),양천구 라멘 배달 맛집,신센라멘 신월점,서울 양천구 월정로 109 1층,2,,영업 종료 09:00에 영업 시작 9시 0분에 영업 시작 펼쳐보기
1556820840,일식,라멘,4. 일식 (기타 전문점：카레・라면 등),양천구 라멘 배달 맛집,산쪼메 목동점일본식라면,서울 양천구 목동동로 339,2,0507-1310-0127,영업 종료 11:30에 영업 시작 11시 30분에 영업 시작 펼쳐보기
1225522735,일식,라멘,4. 일식 (기타 전문점：카레・라면 등),양천구 라멘 배달 맛집,탄탄면공방 목동점아시아음식,서울 양천구 목동서로 155 파라곤상가 지하1층 22호,2,070-7779-1010,오늘 휴무 매주 월요일 휴무 매주 월요일 휴무 펼쳐보기
1348614716,일식,라멘,4. 일식 (기타 전문점：카레・라면 등),종로구 라멘 배달 맛집,키햐아 혜화점,,5,,
1512065213,일식,라멘,4. 일식 (기타 전문점：카레・라면 등),종로구 라멘 배달 맛집,킨토토 혜화점,,5,,
2032504884,일식,라멘,4. 일식 (기타 전문점：카레・라면 등),종로구 라멘 배달 맛집,코이라멘 종로점일본식라면,,5,,
1248301274,일식,라멘,4. 일식 (기타 전문점：카레・라면 등),종로구 라멘 배달 맛집,째즈&라멘일본식라면,서울 종로구 명륜3길 4 1층 재즈앤라멘,5,,영업 종료 10:00에 영업 시작 10시 0분에 영업 시작 펼쳐보기
1603072773,일식,라멘,3. 일식 (우동・소바),종로구 라멘 배달 맛집,츠루츠루 마제소바,서울 성북구 삼선교로24길 41 1층,5,0507-1485-0186,영업 종료 11:00에 영업 시작 11시 0분에 영업 시작 펼쳐보기
1431867899,일식,라멘,4. 일식 (기타 전문점：카레・라면 등),종로구 라멘 배달 맛집,치소우다이닝 신당점,서울 중구 다산로35길 19 1층 치소우 다이닝,5,0507-1473-8951,영업 종료 11:00에 영업 시작 11시 0분에 영업 시작 펼쳐보기
38257048,일식,라멘,4. 일식 (기타 전문점：카레・라면 등),중구 라멘 배달 맛집,키레이일본식라면,,5,0507-1406-2251,영업 종료 11:30에 영업 시작 11시 30분에 영업 시작 펼쳐보기
1560872591,일식,라멘,4. 일식 (기타 전문점：카레・라면 등),중구 라멘 배달 맛집,미도인 대전은행,,5,0507-1436-4041,영업 종료 11:00에 영업 시작 11시 0분에 영업 시작 펼쳐보기
2034133126,일식,라멘,4. 일식 (기타 전문점：카레・라면 등),중구 라멘 배달 맛집,일이공생돈가스돈가스,,5,042-226-9784,영업 종료 11:00에 영업 시작 11시 0분에 영업 시작 펼쳐보기
33242697,일식,라멘,4. 일식 (기타 전문점：카레・라면 등),중구 라멘 배달 맛집,스바라시라멘,,5,042-582-7909,영업 종료 11:00에 영업 시작 11시 0분에 영업 시작 펼쳐보기
1986781307,일식,라멘,4. 일식 (기타 전문점：카레・라면 등),중구 라멘 배달 맛집,하루엔소쿠 대전선화점돈가스,,5,042-721-3011,오늘 휴무 매주 월요일 휴무 매주 월요일 휴무 펼쳐보기
1303775449,일식,라멘,4. 일식 (기타 전문점：카레・라면 등),용산구 라멘 배달 맛집,유키사키 서울역점일식당,서울 용산구 후암로57길 51-3 1층,5,,영업 종료 11:00에 영업 시작 11시 0분에 영업 시작 펼쳐보기
1811193278,일식,라멘,4. 일식 (기타 전문점：카레・라면 등),용산구 라멘 배달 맛집,와다라멘 이태원점,서울 용산구 녹사평대로32길 9 1층,5,02-790-3349,영업 종료 11:00에 영업 시작 11시 0분에 영업 시작 펼쳐보기
1850260594,일식,라멘,4. 일식 (기타 전문점：카레・라면 등),용산구 라멘 배달 맛집,핵밥 숙명여대점덮밥,서울 용산구 청파로47길 74 지상2층,5,02-6403-5551,영업 종료 10:30에 영업 시작 10시 30분에 영업 시작 펼쳐보기
1710721871,일식,라멘,4. 일식 (기타 전문점：카레・라면 등),용산구 라멘 배달 맛집,면식당 숙명여대점,서울 용산구 청파로47길 79 1층,5,02-2135-7275,영업 종료 10:30에 영업 시작 10시 30분에 영업 시작 펼쳐보기
1767701213,일식,라멘,4. 일식 (기타 전문점：카레・라면 등),용산구 라멘 배달 맛집,카라멘야일본식라면,서울 서대문구 연세로7안길 34-1 1층,3,02-6052-6221,영업 종료 11:30에 영업 시작 11시 30분에 영업 시작 펼쳐보기
1528422534,일식,라멘,4. 일식 (기타 전문점：카레・라면 등),성동구 라멘 배달 맛집,일상화식 성수점,,6,,
1093763709,일식,라멘,4. 일식 (기타 전문점：카레・라면 등),성동구 라멘 배달 맛집,도죠,서울 성동구 성수이로 126 도죠,6,02-498-1255,"영업 종료 11:20에 영업 시작 11시 20분에 영업 시작 펼쳐보기 휴무일 05/24 부처님 오신 날, 05/25 대체공휴일(부처님오신날) 안내"
1949066695,일식,라멘,2. 일식 (정식・초밥),성동구 라멘 배달 맛집,김승현스시 왕십리본점,,6,,
38628048,일식,라멘,4. 일식 (기타 전문점：카레・라면 등),성동구 라멘 배달 맛집,이자와 왕십리 엔터식스점일식당,서울 성동구 왕십리광장로 17 4층,6,0507-1391-1620,영업 종료 11:30에 영업 시작 11시 30분에 영업 시작 펼쳐보기
1570930440,일식,라멘,4. 일식 (기타 전문점：카레・라면 등),성동구 라멘 배달 맛집,철판오사카야 성수점,서울 성동구 왕십리로10길 15 2층,6,02-461-9548,영업 종료 11:30에 영업 시작 11시 30분에 영업 시작 펼쳐보기 휴무일 05/25 안내
2080590843,일식,라멘,4. 일식 (기타 전문점：카레・라면 등),노원구 라멘 배달 맛집,레드멘야케이 노원본점,서울 노원구 상계로 63-7 1층 107호,7,0507-1424-2388,영업 종료 11:00에 영업 시작 11시 0분에 영업 시작 펼쳐보기
1352536536,일식,라멘,4. 일식 (기타 전문점：카레・라면 등),노원구 라멘 배달 맛집,아오리의행방불명 노원점일본식라면,서울 노원구 상계로1길 14-11 에이동 205호,7,02-937-1112,영업 종료 11:10에 영업 시작 11시 10분에 영업 시작 펼쳐보기
1637459229,일식,라멘,4. 일식 (기타 전문점：카레・라면 등),노원구 라멘 배달 맛집,마카나이 노원점,서울 노원구 상계로1길 14-29 1층,7,0507-1465-5032,영업 종료 10:30에 영업 시작 10시 30분에 영업 시작 펼쳐보기
2073587805,일식,라멘,2. 일식 (정식・초밥),노원구 라멘 배달 맛집,스시이안앤 공릉역점,서울 노원구 동일로 1083 2층,7,0507-1395-2340,영업 종료 11:30에 영업 시작 11시 30분에 영업 시작 펼쳐보기
2099964039,일식,라멘,2. 일식 (정식・초밥),노원구 라멘 배달 맛집,상무초밥 노원역점,"서울 노원구 노해로83길 21 1층 3, 4호",7,0507-1397-3388,영업 종료 11:00에 영업 시작 11시 0분에 영업 시작 펼쳐보기
1103215956,일식,라멘,2. 일식 (정식・초밥),강북구 라멘 배달 맛집,스시노칸도 수유점,서울 강북구 한천로139나길 1 3층,7,0507-1406-5949,영업 종료 11:30에 영업 시작 11시 30분에 영업 시작 펼쳐보기
2090486215,일식,라멘,4. 일식 (기타 전문점：카레・라면 등),강북구 라멘 배달 맛집,마카나이 미아역점,,7,,
2071397314,일식,라멘,2. 일식 (정식・초밥),강북구 라멘 배달 맛집,"스시이안앤 수유역점초밥,롤",,7,,
1781490014,일식,라멘,1. 일식 (선술집),강북구 라멘 배달 맛집,수유 사쿠라 이자카야 술집,,7,,
2087781100,일식,라멘,4. 일식 (기타 전문점：카레・라면 등),강북구 라멘 배달 맛집,하루엔소쿠 미아점,,7,,
21659948,일식,라멘,4. 일식 (기타 전문점：카레・라면 등),강북구 라멘 배달 맛집,하나스,,7,,
2021089205,일식,라멘,4. 일식 (기타 전문점：카레・라면 등),성북구 라멘 배달 맛집,멘야리 성신여대직영점일본식라면,,7,,
1864631738,일식,라멘,4. 일식 (기타 전문점：카레・라면 등),성북구 라멘 배달 맛집,와다라멘,,7,,
1494361076,일식,라멘,2. 일식 (정식・초밥),성북구 라멘 배달 맛집,주대국초밥집 길음점일식당,"서울 성북구 길음로 33 상가비동 지1층 8,9,10호",7,02-909-6652,영업 종료 11:30에 영업 시작 11시 30분에 영업 시작 펼쳐보기
1289449917,일식,라멘,4. 일식 (기타 전문점：카레・라면 등),성북구 라멘 배달 맛집,멘야하나비 성신여대점,,7,,
1282427877,일식,라멘,4. 일식 (기타 전문점：카레・라면 등),성북구 라멘 배달 맛집,신의한수&라멘,,7,,
1271177402,일식,라멘,4. 일식 (기타 전문점：카레・라면 등),광진구 라멘 배달 맛집,라멘트럭 건대점,,6,,
1513442371,일식,라멘,4. 일식 (기타 전문점：카레・라면 등),광진구 라멘 배달 맛집,토모멘야,서울 광진구 아차산로 431 상가3동 B103호,6,0507-1365-1741,영업 종료 11:00에 영업 시작 11시 0분에 영업 시작 펼쳐보기
2065143526,일식,라멘,2. 일식 (정식・초밥),광진구 라멘 배달 맛집,스시니카,서울 광진구 뚝섬로 717 104동 B108호,6,0507-1340-8849,영업 종료 11:00에 영업 시작 11시 0분에 영업 시작 펼쳐보기
1060688779,일식,라멘,4. 일식 (기타 전문점：카레・라면 등),광진구 라멘 배달 맛집,핵밥 건대본점,서울 광진구 능동로 127 2층,6,0507-1496-0833,영업 종료 11:00에 영업 시작 11시 0분에 영업 시작 펼쳐보기
1357315544,일식,라멘,4. 일식 (기타 전문점：카레・라면 등),광진구 라멘 배달 맛집,부탄츄 건대점,서울 광진구 동일로22길 117-14,6,0507-1340-3304,영업 종료 11:00에 영업 시작 11시 0분에 영업 시작 펼쳐보기
1085950217,일식,라멘,4. 일식 (기타 전문점：카레・라면 등),광진구 라멘 배달 맛집,혼다라멘 어린이대공원점,서울 광진구 광나루로 385 1층 1호,6,02-467-0034,영업 종료 11:00에 영업 시작 11시 0분에 영업 시작 펼쳐보기
1028098486,일식,라멘,4. 일식 (기타 전문점：카레・라면 등),동대문구 라멘 배달 맛집,라멘트럭 장안점,서울 동대문구 장한로12길 49 1층 라멘트럭,6,02-6053-8455,영업 종료 11:00에 영업 시작 11시 0분에 영업 시작 펼쳐보기
1336524865,일식,라멘,4. 일식 (기타 전문점：카레・라면 등),동대문구 라멘 배달 맛집,우시라멘일본식라면,,6,,
2075222059,일식,라멘,4. 일식 (기타 전문점：카레・라면 등),동대문구 라멘 배달 맛집,멘야카오리 장안점,,6,,
1872201906,일식,라멘,2. 일식 (정식・초밥),동대문구 라멘 배달 맛집,"김시우초밥 장안점초밥,롤",서울 동대문구 장한로2길 23 1층,6,0507-1310-7353,영업 종료 11:30에 영업 시작 11시 30분에 영업 시작 펼쳐보기
33399508,일식,라멘,4. 일식 (기타 전문점：카레・라면 등),동대문구 라멘 배달 맛집,마카나이 시립대점,서울 동대문구 왕산로 272-1 1층 2,6,0507-1387-2972,영업 종료 11:00에 영업 시작 11시 0분에 영업 시작 펼쳐보기
1553659262,일식,라멘,4. 일식 (기타 전문점：카레・라면 등),동대문구 라멘 배달 맛집,핵밥 경희대점,서울 동대문구 경희대로 9-1 2층,6,0507-1316-1671,영업 종료 11:00에 영업 시작 11시 0분에 영업 시작 펼쳐보기
279485521,일식,라멘,4. 일식 (기타 전문점：카레・라면 등),은평구 라멘 배달 맛집,멘야다이고미 본점,서울 은평구 통일로 889 1층,3,0507-1437-0177,영업 종료 11:30에 영업 시작 11시 30분에 영업 시작 펼쳐보기
1495797559,일식,라멘,4. 일식 (기타 전문점：카레・라면 등),은평구 라멘 배달 맛집,우시라멘,서울 은평구 진흥로1길 29 1층,3,02-356-9595,영업 종료 11:00에 영업 시작 11시 0분에 영업 시작 펼쳐보기
35586202,일식,라멘,2. 일식 (정식・초밥),은평구 라멘 배달 맛집,스시웨이 은평점,서울 은평구 통일로 1010 아이파크포레스트게이트 상가 2층 111호,3,0507-1405-5897,영업 종료 11:00에 영업 시작 11시 0분에 영업 시작 펼쳐보기
1835769145,일식,라멘,2. 일식 (정식・초밥),은평구 라멘 배달 맛집,담은초밥,서울 은평구 은평로8길 29 1층 101호,3,070-7759-0091,오늘 휴무 매주 월요일 휴무 매주 월요일 휴무 펼쳐보기
2005778862,일식,라멘,3. 일식 (우동・소바),서대문구 라멘 배달 맛집,멘야소바,서울 서대문구 연세로2길 83 1층,3,0507-1397-6051,영업 종료 11:00에 영업 시작 11시 0분에 영업 시작 펼쳐보기
1031092568,일식,라멘,4. 일식 (기타 전문점：카레・라면 등),서대문구 라멘 배달 맛집,네츠라멘일본식라면,서울 서대문구 통일로39나길 1 1층,3,02-2138-0400,영업 종료 11:00에 영업 시작 11시 0분에 영업 시작 펼쳐보기
1108308342,일식,라멘,4. 일식 (기타 전문점：카레・라면 등),서대문구 라멘 배달 맛집,삼미당 신촌점,서울 서대문구 연세로7길 40 1층 삼미당 신촌점,3,0507-1365-6569,영업 종료 11:00에 영업 시작 11시 0분에 영업 시작 펼쳐보기
2097330967,일식,라멘,2. 일식 (정식・초밥),서대문구 라멘 배달 맛집,으뜸스시 신촌점,서울 서대문구 연세로5길 26 2층,3,0507-1306-5732,오늘 휴무 매주 월요일 휴무 매주 월요일 휴무 펼쳐보기
1764612403,일식,라멘,4. 일식 (기타 전문점：카레・라면 등),서대문구 라멘 배달 맛집,핵밥 신촌점,서울 서대문구 연세로 27-1 2층,3,070-7576-3938,영업 종료 10:20에 영업 시작 10시 20분에 영업 시작 펼쳐보기
1587497383,일식,초밥,2. 일식 (정식・초밥),강남구 초밥 배달 맛집,후토시 대치본점,서울 강남구 삼성로 212 은마종합상가 A블럭 지하40호,1,0507-1496-0457,영업 종료 11:00에 영업 시작 11시 0분에 영업 시작 펼쳐보기
1257042852,일식,초밥,2. 일식 (정식・초밥),강남구 초밥 배달 맛집,으뜸스시 신사직영점,,1,,
1777519480,일식,초밥,2. 일식 (정식・초밥),강남구 초밥 배달 맛집,올바른스시 강남역점,,1,,
2029656160,일식,초밥,2. 일식 (정식・초밥),강남구 초밥 배달 맛집,초밥에진심 회전초밥 강남자곡점,"서울 강남구 밤고개로 227 B동 103호, 104호",1,0507-1424-7669,영업 종료 11:30에 영업 시작 11시 30분에 영업 시작 펼쳐보기
1008611365,일식,초밥,2. 일식 (정식・초밥),강남구 초밥 배달 맛집,대진 도원참치 강남역점,서울 강남구 테헤란로 113 목화밀라트 지하1층 도원참치 강남역,1,0507-1473-4588,영업 종료 11:15에 영업 시작 11시 15분에 영업 시작 펼쳐보기
1805562801,일식,초밥,2. 일식 (정식・초밥),강남구 초밥 배달 맛집,감탄성신 강남본점,서울 강남구 강남대로106길 14 지상1층 감탄성신,1,02-555-1516,영업 종료 11:30에 영업 시작 11시 30분에 영업 시작 펼쳐보기
1123021012,일식,초밥,2. 일식 (정식・초밥),서초구 초밥 배달 맛집,호랑이초밥 양재점,서울 서초구 남부순환로356길 92 102호~103호,1,0507-1453-0568,영업 종료 11:30에 영업 시작 11시 30분에 영업 시작 펼쳐보기
1059174615,일식,초밥,2. 일식 (정식・초밥),서초구 초밥 배달 맛집,스시한손 서초본점,서울 서초구 반포대로27길 13 107호,1,0507-1309-4960,영업 종료 11:00에 영업 시작 11시 0분에 영업 시작 펼쳐보기
2091920855,일식,초밥,2. 일식 (정식・초밥),서초구 초밥 배달 맛집,연미정 양재시민의숲점,서울 서초구 동산로2길 19 1층,1,0507-1472-0208,영업 종료 11:00에 영업 시작 11시 0분에 영업 시작 펼쳐보기
964119437,일식,초밥,2. 일식 (정식・초밥),서초구 초밥 배달 맛집,"스시썸초밥,롤",서울 서초구 강남대로 222-4 메디컬빌딩 1층,1,02-579-0770,영업 종료 11:00에 영업 시작 11시 0분에 영업 시작 펼쳐보기
1615187452,일식,초밥,2. 일식 (정식・초밥),서초구 초밥 배달 맛집,분코다이닝 사당점,서울 서초구 방배천로4안길 26 2층 분코다이닝,1,0507-1347-1908,오늘 휴무 매주 월요일 휴무 매주 월요일 휴무 펼쳐보기
18364999,일식,초밥,2. 일식 (정식・초밥),서초구 초밥 배달 맛집,나나마구로,서울 서초구 반포대로28길 65-4 서원빌딩 1층 나나 마구로,1,0507-1391-5674,영업 종료 11:30에 영업 시작 11시 30분에 영업 시작 펼쳐보기
2015643271,일식,초밥,2. 일식 (정식・초밥),송파구 초밥 배달 맛집,우미스시 송파본점,"서울 송파구 송파대로 201 테라타워2 B동 108, 109호",1,0507-1384-6907,영업 종료 11:30에 영업 시작 11시 30분에 영업 시작 펼쳐보기
1816711702,일식,초밥,2. 일식 (정식・초밥),송파구 초밥 배달 맛집,남해물고기 잠실새내점,서울 송파구 백제고분로7길 27 2층,1,0507-1445-5569,영업 종료 11:30에 영업 시작 11시 30분에 영업 시작 펼쳐보기
1400584205,일식,초밥,2. 일식 (정식・초밥),송파구 초밥 배달 맛집,선남sea일식당,서울 송파구 도곡로 446 1층,1,0507-1357-8195,영업 종료 11:30에 영업 시작 11시 30분에 영업 시작 펼쳐보기
2035117032,일식,초밥,2. 일식 (정식・초밥),송파구 초밥 배달 맛집,아키라 스시,서울 송파구 백제고분로 258 1층 106호,1,0507-1423-2163,영업 종료 11:00에 영업 시작 11시 0분에 영업 시작 펼쳐보기
1520825852,일식,초밥,2. 일식 (정식・초밥),송파구 초밥 배달 맛집,시스스시 송리단길점,서울 송파구 백제고분로43길 8 1층 2호,1,0507-1346-7274,영업 종료 11:30에 영업 시작 11시 30분에 영업 시작 펼쳐보기
34309097,일식,초밥,2. 일식 (정식・초밥),송파구 초밥 배달 맛집,골드참치,,1,,
2068447135,일식,초밥,2. 일식 (정식・초밥),강동구 초밥 배달 맛집,스시도쿠 엔 고덕이케아강동 강동아이파크더리버몰점,,8,,
38287317,일식,초밥,2. 일식 (정식・초밥),강동구 초밥 배달 맛집,초밥의 신 부타 천호본점,서울 강동구 천호대로155길 11 1층,8,0507-1417-9788,영업 종료 11:30에 영업 시작 11시 30분에 영업 시작 펼쳐보기
31896040,일식,초밥,2. 일식 (정식・초밥),강동구 초밥 배달 맛집,스시야미 천호본점,서울 강동구 진황도로 4-9 스시야미,8,0507-1429-3044,영업 종료 11:30에 영업 시작 11시 30분에 영업 시작 펼쳐보기
2071568812,일식,초밥,2. 일식 (정식・초밥),강동구 초밥 배달 맛집,으뜸스시 고덕역점,"서울 강동구 동남로73길 9 1층 102호 (명일동, 동신빌딩)",8,0507-1493-6062,영업 종료 11:30에 영업 시작 11시 30분에 영업 시작 펼쳐보기
1295416798,일식,초밥,2. 일식 (정식・초밥),강동구 초밥 배달 맛집,세민수산 고덕점,서울 강동구 상일로 125 1층 101호,8,0507-1366-3995,영업 종료 11:00에 영업 시작 11시 0분에 영업 시작 펼쳐보기
1663119918,일식,초밥,2. 일식 (정식・초밥),영등포구 초밥 배달 맛집,"최우영스시야 여의도점초밥,롤",서울 영등포구 의사당대로 97 지하1층 아케이드1호,4,02-2644-3430,영업 종료 11:00에 영업 시작 11시 0분에 영업 시작 펼쳐보기
1842075533,일식,초밥,2. 일식 (정식・초밥),영등포구 초밥 배달 맛집,일품 여의도점,서울 영등포구 은행로 25 안원빌딩 B1층,4,0507-1381-1643,영업 종료 11:00에 영업 시작 11시 0분에 영업 시작 펼쳐보기
1847785531,일식,초밥,2. 일식 (정식・초밥),영등포구 초밥 배달 맛집,묘수 영등포구청점,"서울 영등포구 당산로 95 상가동 1층 104호, 115호",4,0507-1337-7639,영업 종료 17:00에 영업 시작 17시 0분에 영업 시작 펼쳐보기
38264491,일식,초밥,2. 일식 (정식・초밥),영등포구 초밥 배달 맛집,정석참치 영등포2호점,서울 영등포구 영중로 95-1 1층 정석참치2호점,4,02-2675-1164,영업 종료 11:30에 영업 시작 11시 30분에 영업 시작 펼쳐보기
11887089,일식,초밥,2. 일식 (정식・초밥),영등포구 초밥 배달 맛집,동해도 일식,서울 영등포구 은행로 25 안원빌딩 지하1층,4,0507-1439-6302,곧 영업 종료 22:00에 영업 종료 22시 0분에 영업 종료 펼쳐보기
1803956378,일식,초밥,2. 일식 (정식・초밥),영등포구 초밥 배달 맛집,김기현초밥,서울 영등포구 여의대방로69길 19 힐스테이트 B107.108호,4,0507-1414-9889,영업 종료 10:00에 영업 시작 10시 0분에 영업 시작 펼쳐보기
1273977813,일식,초밥,2. 일식 (정식・초밥),마포구 초밥 배달 맛집,김현우스시 합정점,서울 마포구 양화로 75 1층,3,02-322-1250,곧 영업 종료 22:00에 영업 종료 22시 0분에 영업 종료 펼쳐보기
1904969938,일식,초밥,2. 일식 (정식・초밥),마포구 초밥 배달 맛집,김재운 초밥사랑 공덕점,서울 마포구 백범로 170,3,0507-1331-7787,곧 영업 종료 22:00에 영업 종료 22시 0분에 영업 종료 펼쳐보기
1586651747,일식,초밥,2. 일식 (정식・초밥),마포구 초밥 배달 맛집,"스시로만X연어로만초밥,롤",서울 마포구 양화로23길 20 2층 연어로만S,3,02-6949-0153,오늘 휴무 매주 일요일 휴무 매주 일요일 휴무 펼쳐보기
1232680964,일식,초밥,2. 일식 (정식・초밥),마포구 초밥 배달 맛집,연미정 연어 연남본점,서울 마포구 동교로 262-11 1층,3,0507-1384-2621,곧 영업 종료 22:00에 영업 종료 22시 0분에 영업 종료 펼쳐보기
1185506401,일식,초밥,2. 일식 (정식・초밥),마포구 초밥 배달 맛집,잇스시,서울 마포구 홍익로5안길 24 1층 101호,3,0507-1447-8882,곧 영업 종료 22:00에 영업 종료 22시 0분에 영업 종료 펼쳐보기
1239761521,일식,초밥,2. 일식 (정식・초밥),마포구 초밥 배달 맛집,스시로운생활,서울 마포구 양화로 72 129호,3,0507-1312-0742,오늘 휴무 매주 일요일 휴무 매주 일요일 휴무 펼쳐보기
1504474078,일식,초밥,2. 일식 (정식・초밥),강서구 초밥 배달 맛집,서울 오마카세 우미마토 마곡본점,서울 강서구 공항대로 219 센테니아 114호,2,0507-1367-5832,영업 종료 11:30에 영업 시작 11시 30분에 영업 시작 펼쳐보기
1086725217,일식,초밥,2. 일식 (정식・초밥),강서구 초밥 배달 맛집,스시미즈키,서울 강서구 화곡로68길 15 아벨테크노 102호,2,0507-1358-2163,영업 종료 11:00에 영업 시작 11시 0분에 영업 시작 펼쳐보기
2003494564,일식,초밥,2. 일식 (정식・초밥),강서구 초밥 배달 맛집,스시도쿠 마곡코엑스점,서울 강서구 마곡중앙로 143 르웨스트시티 본동 지하2층 222호,2,02-2261-6779,영업 종료 11:00에 영업 시작 11시 0분에 영업 시작 펼쳐보기
1864187878,일식,초밥,2. 일식 (정식・초밥),강서구 초밥 배달 맛집,일품 마곡점,서울 강서구 공항대로 228 112호 일품 마곡점,2,0507-1375-0204,영업 종료 내일 휴무 내일 휴무 펼쳐보기
2099153080,일식,초밥,2. 일식 (정식・초밥),강서구 초밥 배달 맛집,쎈스시,"서울 강서구 마곡동로4길 15 112호, 113호",2,0507-1368-9165,영업 중 22:00에 라스트오더 22시 0분에 라스트오더 펼쳐보기
37588619,일식,초밥,2. 일식 (정식・초밥),양천구 초밥 배달 맛집,스시범 목동점,서울 양천구 은행정로 13 성광빌딩 1층 스시범 목동점,2,0507-1401-1770,영업 종료 11:00에 영업 시작 11시 0분에 영업 시작 펼쳐보기
1373505113,일식,초밥,2. 일식 (정식・초밥),양천구 초밥 배달 맛집,"서울초밥 목동점초밥,롤","서울 양천구 목동서로 49 광장종합상가3 104,105호",2,02-2061-5551,영업 종료 내일 휴무 내일 휴무 펼쳐보기
38277611,일식,초밥,2. 일식 (정식・초밥),양천구 초밥 배달 맛집,기가스시 등촌점일식당,서울 양천구 등촌로 178 1층 기가스시,2,02-2646-4346,영업 종료 11:30에 영업 시작 11시 30분에 영업 시작 펼쳐보기
1525346483,일식,초밥,6. 한식 (해물 정식・회 전문점),양천구 초밥 배달 맛집,어부블루스 목동생선회,서울 양천구 신목로2길 62 1층,2,0507-1341-9285,영업 종료 17:00에 영업 시작 17시 0분에 영업 시작 펼쳐보기
1521480959,일식,초밥,2. 일식 (정식・초밥),양천구 초밥 배달 맛집,초밥싸롱 신정점,서울 양천구 신정이펜2로 22 103호 초밥싸롱,2,0507-1382-0145,영업 종료 10:00에 영업 시작 10시 0분에 영업 시작 펼쳐보기
1119100587,일식,초밥,6. 한식 (해물 정식・회 전문점),양천구 초밥 배달 맛집,신정교 우리바다수산생선회,,2,,
1276574358,일식,초밥,2. 일식 (정식・초밥),종로구 초밥 배달 맛집,일품 광화문점,,5,,
2003404700,일식,초밥,2. 일식 (정식・초밥),종로구 초밥 배달 맛집,코끼리초밥 광화문점,서울 종로구 세종대로 178 지하1층 B109-5호,5,0507-1307-0890,영업 종료 11:00에 영업 시작 11시 0분에 영업 시작 펼쳐보기
120171872,일식,초밥,2. 일식 (정식・초밥),종로구 초밥 배달 맛집,스시사소우 초밥 & 도시락일식당,,5,,
20871711,일식,초밥,2. 일식 (정식・초밥),종로구 초밥 배달 맛집,야스미,서울 종로구 대명길 39-10,5,0507-1435-2550,오늘 휴무 매주 월요일 휴무 매주 월요일 휴무 펼쳐보기
1725149307,일식,초밥,2. 일식 (정식・초밥),종로구 초밥 배달 맛집,창경궁초밥,,5,,
1539229831,일식,초밥,2. 일식 (정식・초밥),종로구 초밥 배달 맛집,"고쿤스시초밥,롤",,5,,
2089270490,일식,초밥,2. 일식 (정식・초밥),중구 초밥 배달 맛집,모선 으능정이점일식당,,5,,오늘 휴무 매주 월요일 휴무 매주 월요일 휴무 펼쳐보기
38274505,일식,초밥,2. 일식 (정식・초밥),중구 초밥 배달 맛집,세웅이네 가족식당일식당,,5,0507-1407-2295,영업 종료 11:30에 영업 시작 11시 30분에 영업 시작 펼쳐보기
2054925721,일식,초밥,2. 일식 (정식・초밥),중구 초밥 배달 맛집,하츠야 목동점,,5,,
1881859430,일식,초밥,2. 일식 (정식・초밥),중구 초밥 배달 맛집,무명,,5,,
1876692077,일식,초밥,2. 일식 (정식・초밥),중구 초밥 배달 맛집,순수초밥,,5,0507-1383-7258,영업 종료 11:30에 영업 시작 11시 30분에 영업 시작 펼쳐보기
1310943053,일식,초밥,2. 일식 (정식・초밥),용산구 초밥 배달 맛집,스시노바,서울 용산구 한강대로 37 2층 201호,5,02-6953-8300,영업 종료 11:30에 영업 시작 11시 30분에 영업 시작 펼쳐보기
1120716091,일식,초밥,2. 일식 (정식・초밥),용산구 초밥 배달 맛집,스시차림 숙명여대점,서울 용산구 청파로45길 11 2층,5,0507-1316-2325,영업 종료 11:30에 영업 시작 11시 30분에 영업 시작 펼쳐보기
1068713588,일식,초밥,2. 일식 (정식・초밥),용산구 초밥 배달 맛집,쿠시노리 이태원,서울 용산구 회나무로13가길 3-8 1층,5,0507-1360-4427,영업 종료 17:00에 영업 시작 17시 0분에 영업 시작 펼쳐보기
1554437799,일식,초밥,2. 일식 (정식・초밥),용산구 초밥 배달 맛집,한땀스시,서울 용산구 한강대로 69 용산푸지오써밋 지하 1층 B102-1호,5,0507-1340-8221,오늘 휴무 매주 월요일 휴무 매주 월요일 휴무 펼쳐보기
1192258777,일식,초밥,2. 일식 (정식・초밥),용산구 초밥 배달 맛집,서해초밥 서울역점,서울 용산구 한강대로 391,5,02-718-3311,영업 종료 11:00에 영업 시작 11시 0분에 영업 시작 펼쳐보기
1053376088,일식,초밥,2. 일식 (정식・초밥),용산구 초밥 배달 맛집,네코노스시,서울 용산구 청파로47나길 8 1층 네코노스시,5,0507-1372-2165,영업 종료 11:30에 영업 시작 11시 30분에 영업 시작 펼쳐보기
36466212,일식,초밥,2. 일식 (정식・초밥),성동구 초밥 배달 맛집,스시도쿠 왕십리본점,서울 성동구 왕십리광장로 6 1층 스시도쿠 왕십리본점,6,0507-1320-3255,영업 종료 11:00에 영업 시작 11시 0분에 영업 시작 펼쳐보기
1029146941,일식,초밥,2. 일식 (정식・초밥),성동구 초밥 배달 맛집,스시도쿠 더성수,서울 성동구 서울숲6길 13 1층 스시도쿠 더성수,6,0507-1478-0774,영업 종료 11:30에 영업 시작 11시 30분에 영업 시작 펼쳐보기
1689588135,일식,초밥,2. 일식 (정식・초밥),성동구 초밥 배달 맛집,스시카제,서울 성동구 연무장7가길 2 3층,6,0507-1401-0763,오늘 휴무 매주 월요일 휴무 매주 월요일 휴무 펼쳐보기
2098198316,일식,초밥,2. 일식 (정식・초밥),성동구 초밥 배달 맛집,미키스시,서울 성동구 연무장9길 8-1 1층,6,0507-1469-7532,영업 종료 11:30에 영업 시작 11시 30분에 영업 시작 펼쳐보기
1156583588,일식,초밥,2. 일식 (정식・초밥),성동구 초밥 배달 맛집,스시도쿠 카미동 왕십리본점,서울 성동구 왕십리로 295 2층 스시도쿠 카미동,6,0507-1312-0099,영업 종료 11:30에 영업 시작 11시 30분에 영업 시작 펼쳐보기
1760994733,일식,초밥,2. 일식 (정식・초밥),노원구 초밥 배달 맛집,으뜸스시 노원직영점,서울 노원구 동일로 1417 2층 204호,7,0507-1358-6696,영업 종료 11:30에 영업 시작 11시 30분에 영업 시작 펼쳐보기
1501415350,일식,초밥,2. 일식 (정식・초밥),노원구 초밥 배달 맛집,스시통 노원본점,서울 노원구 노해로 517-3 1층 스시통,7,0507-1466-0675,영업 종료 10:00에 영업 시작 10시 0분에 영업 시작 펼쳐보기
173354395,일식,초밥,2. 일식 (정식・초밥),노원구 초밥 배달 맛집,"수시로스시초밥,롤",서울 노원구 노원로 479 1층 수시로스시,7,02-932-0725,영업 종료 11:30에 영업 시작 11시 30분에 영업 시작 펼쳐보기
34585360,일식,초밥,2. 일식 (정식・초밥),노원구 초밥 배달 맛집,스시쟁이 공릉점,서울 노원구 공릉로 197 1층,7,0507-1306-5944,영업 종료 10:40에 영업 시작 10시 40분에 영업 시작 펼쳐보기
1239028310,일식,초밥,2. 일식 (정식・초밥),노원구 초밥 배달 맛집,본참치 태릉직영점,,7,,
1516549336,일식,초밥,2. 일식 (정식・초밥),노원구 초밥 배달 맛집,스시이안앤 노원역점,,7,,
36947880,일식,초밥,2. 일식 (정식・초밥),강북구 초밥 배달 맛집,주대국초밥집 미아점,서울 강북구 솔샘로48길 4,7,02-945-6650,영업 종료 11:00에 영업 시작 11시 0분에 영업 시작 펼쳐보기
1500809392,일식,초밥,2. 일식 (정식・초밥),강북구 초밥 배달 맛집,김승현스시 미아점,"서울 강북구 도봉로 174 1층 102, 103호",7,0507-1312-6168,영업 종료 11:20에 영업 시작 11시 20분에 영업 시작 펼쳐보기
2096704816,일식,초밥,2. 일식 (정식・초밥),강북구 초밥 배달 맛집,"스시연초밥,롤",서울 강북구 노해로 21 1층,7,0507-1436-1692,영업 종료 11:00에 영업 시작 11시 0분에 영업 시작 펼쳐보기
1846236371,일식,초밥,2. 일식 (정식・초밥),강북구 초밥 배달 맛집,스시마사,서울 강북구 솔샘로 334 1층,7,02-943-1788,영업 종료 11:30에 영업 시작 11시 30분에 영업 시작 펼쳐보기
37005892,일식,초밥,6. 한식 (해물 정식・회 전문점),강북구 초밥 배달 맛집,진호횟집 수유본점,서울 강북구 도봉로98길 33 진호횟집,7,0507-1381-9915,영업 종료 15:30에 영업 시작 15시 30분에 영업 시작 펼쳐보기
1820940739,일식,초밥,2. 일식 (정식・초밥),성북구 초밥 배달 맛집,서민스시 장위 본점,서울 성북구 화랑로25길 20 1층 서민스시,7,0507-1482-0947,영업 종료 11:30에 영업 시작 11시 30분에 영업 시작 펼쳐보기
37822466,일식,초밥,2. 일식 (정식・초밥),성북구 초밥 배달 맛집,스시현,서울 성북구 동소문로8길 16 1층 스시현,7,0507-1331-2265,영업 종료 11:30에 영업 시작 11시 30분에 영업 시작 펼쳐보기
1655507253,일식,초밥,2. 일식 (정식・초밥),성북구 초밥 배달 맛집,오롯이,서울 성북구 보문로34길 87 102호,7,0507-1439-7731,영업 종료 11:00에 영업 시작 11시 0분에 영업 시작 펼쳐보기
38407883,일식,초밥,2. 일식 (정식・초밥),성북구 초밥 배달 맛집,스시산 본관,서울 성북구 성북로 19,7,02-766-3730,영업 종료 11:00에 영업 시작 11시 0분에 영업 시작 펼쳐보기
1708207755,일식,초밥,2. 일식 (정식・초밥),성북구 초밥 배달 맛집,"스시미소초밥,롤","서울 성북구 고려대로28길 25 1,2층",7,0507-1340-3539,영업 종료 10:00에 영업 시작 10시 0분에 영업 시작 펼쳐보기
1698466474,일식,초밥,2. 일식 (정식・초밥),광진구 초밥 배달 맛집,육초연 건대점,서울 광진구 동일로20길 89 1층,6,0507-1390-2236,영업 종료 10:30에 영업 시작 10시 30분에 영업 시작 펼쳐보기
2074189698,일식,초밥,2. 일식 (정식・초밥),광진구 초밥 배달 맛집,스시온기 화양,서울 광진구 능동로 185 1층,6,02-461-7788,영업 종료 11:20에 영업 시작 11시 20분에 영업 시작 펼쳐보기
734317313,일식,초밥,2. 일식 (정식・초밥),광진구 초밥 배달 맛집,와꼬 구의본점,서울 광진구 구의강변로 90 2층,6,0507-1492-0250,영업 종료 11:30에 영업 시작 11시 30분에 영업 시작 펼쳐보기
2054013716,일식,초밥,2. 일식 (정식・초밥),광진구 초밥 배달 맛집,일심스시,서울 광진구 동일로22길 80 2층,6,0507-1449-3129,영업 종료 11:00에 영업 시작 11시 0분에 영업 시작 펼쳐보기
1611314597,일식,초밥,2. 일식 (정식・초밥),광진구 초밥 배달 맛집,난바다스시,서울 광진구 자양로 109,6,0507-1318-9666,영업 종료 11:30에 영업 시작 11시 30분에 영업 시작 펼쳐보기
1923789875,일식,초밥,2. 일식 (정식・초밥),광진구 초밥 배달 맛집,스시오가,서울 광진구 능동로 69 1층 120호,6,0507-1380-7457,오늘 휴무 매주 월요일 휴무 매주 월요일 휴무 펼쳐보기
93888928,일식,초밥,2. 일식 (정식・초밥),동대문구 초밥 배달 맛집,차칸스시,서울 동대문구 회기로25길 52 1층,6,0507-1420-0919,오늘 휴무 매주 월요일 휴무 매주 월요일 휴무 펼쳐보기
1044364328,일식,초밥,2. 일식 (정식・초밥),동대문구 초밥 배달 맛집,육초연 경희대점,서울 동대문구 회기로13길 24 1층,6,0507-1336-4444,영업 중 다음 날 02:00에 라스트오더 다음 날 2시 0분에 라스트오더 펼쳐보기
1640933664,일식,초밥,2. 일식 (정식・초밥),동대문구 초밥 배달 맛집,스시반상,서울 동대문구 왕산로3길 16 1층,6,0507-1461-7224,영업 종료 11:00에 영업 시작 11시 0분에 영업 시작 펼쳐보기 휴무일 05/24 부처님 오신 날 안내
1257618883,일식,초밥,2. 일식 (정식・초밥),동대문구 초밥 배달 맛집,스시온기 이문,,6,,
32532492,일식,초밥,2. 일식 (정식・초밥),동대문구 초밥 배달 맛집,본참치,,6,,
1487271646,일식,초밥,2. 일식 (정식・초밥),은평구 초밥 배달 맛집,김현우스시 응암점,서울 은평구 갈현로1길 19,3,070-7372-1250,영업 종료 11:00에 영업 시작 11시 0분에 영업 시작 펼쳐보기
1720909117,일식,초밥,2. 일식 (정식・초밥),은평구 초밥 배달 맛집,신진초밥,서울 은평구 통일로 1030 헤스티아1차 205호,3,0507-1339-5801,영업 종료 11:30에 영업 시작 11시 30분에 영업 시작 펼쳐보기
1686514665,일식,초밥,2. 일식 (정식・초밥),은평구 초밥 배달 맛집,가메스시 응암점,서울 은평구 응암로 229 1층,3,0507-1472-7750,영업 종료 11:00에 영업 시작 11시 0분에 영업 시작 펼쳐보기
1224480888,일식,초밥,2. 일식 (정식・초밥),은평구 초밥 배달 맛집,호랑이초밥 연신내점,서울 은평구 연서로27길 16 1층,3,0507-1305-1790,영업 종료 11:30에 영업 시작 11시 30분에 영업 시작 펼쳐보기
1038723131,일식,초밥,2. 일식 (정식・초밥),은평구 초밥 배달 맛집,초초밥밥,서울 은평구 진흥로 137 1층,3,0507-1314-5279,"영업 종료 11:30에 영업 시작 11시 30분에 영업 시작 펼쳐보기 휴무일 05/19, 05/29 안내"
1380373663,일식,초밥,2. 일식 (정식・초밥),은평구 초밥 배달 맛집,스시온기,서울 은평구 응암로 277 1층 101호,3,0507-1470-6710,영업 종료 11:30에 영업 시작 11시 30분에 영업 시작 펼쳐보기
38299775,일식,초밥,2. 일식 (정식・초밥),서대문구 초밥 배달 맛집,스시하나에,서울 서대문구 명지대길 24 2층,3,0507-1359-1131,영업 종료 11:00에 영업 시작 11시 0분에 영업 시작 펼쳐보기
1791876439,일식,초밥,2. 일식 (정식・초밥),서대문구 초밥 배달 맛집,군초밥,서울 서대문구 신촌역로 22-5 2층 42호,3,0507-1386-4438,영업 종료 11:00에 영업 시작 11시 0분에 영업 시작 펼쳐보기
1596269947,일식,초밥,2. 일식 (정식・초밥),서대문구 초밥 배달 맛집,김판석초밥,,3,,
1117030338,일식,초밥,2. 일식 (정식・초밥),서대문구 초밥 배달 맛집,"육초연 명지대점초밥,롤",,3,,
1450180486,일식,덮밥,4. 일식 (기타 전문점：카레・라면 등),강남구 덮밥 배달 맛집,치솟 역삼본점,,1,,
1084254671,일식,덮밥,4. 일식 (기타 전문점：카레・라면 등),강남구 덮밥 배달 맛집,신사만장어,,1,,
1530646982,일식,덮밥,4. 일식 (기타 전문점：카레・라면 등),강남구 덮밥 배달 맛집,851복덮밥 강남본점,,1,,
1658554283,일식,덮밥,4. 일식 (기타 전문점：카레・라면 등),강남구 덮밥 배달 맛집,고기가득덮밥 역삼본점,,1,,
1720070048,일식,덮밥,4. 일식 (기타 전문점：카레・라면 등),강남구 덮밥 배달 맛집,카이센동 우니도,,1,,
1081029406,일식,덮밥,4. 일식 (기타 전문점：카레・라면 등),서초구 덮밥 배달 맛집,쇼쿠지 양재점,,1,,
1546120093,일식,덮밥,4. 일식 (기타 전문점：카레・라면 등),서초구 덮밥 배달 맛집,무로덮밥,서울 서초구 방배천로6길 33-1 1층 무로,1,0507-1366-8604,영업 종료 11:30에 영업 시작 11시 30분에 영업 시작 펼쳐보기
1050425911,일식,덮밥,4. 일식 (기타 전문점：카레・라면 등),서초구 덮밥 배달 맛집,하이콴,서울 서초구 신반포로 340 1층,1,0507-1358-7778,영업 종료 10:00에 영업 시작 10시 0분에 영업 시작 펼쳐보기
21259234,일식,덮밥,4. 일식 (기타 전문점：카레・라면 등),서초구 덮밥 배달 맛집,미우야일식당,,1,,
1083137317,일식,덮밥,4. 일식 (기타 전문점：카레・라면 등),서초구 덮밥 배달 맛집,우나기야교대,,1,,
1450745729,일식,덮밥,4. 일식 (기타 전문점：카레・라면 등),송파구 덮밥 배달 맛집,골든타이키친,,1,,
1512483219,일식,덮밥,4. 일식 (기타 전문점：카레・라면 등),송파구 덮밥 배달 맛집,오붓식당 본점,서울 송파구 위례광장로 120 중앙푸르지오 1단지 상가2층 203호 오붓식당,1,0507-1378-6232,영업 종료 10:00에 영업 시작 10시 0분에 영업 시작 펼쳐보기
1533487189,일식,덮밥,4. 일식 (기타 전문점：카레・라면 등),송파구 덮밥 배달 맛집,동경산책 석촌호수점일식당,서울 송파구 백제고분로45길 15 1층 102호,1,0507-1388-6066,영업 종료 11:30에 영업 시작 11시 30분에 영업 시작 펼쳐보기
2035820710,일식,덮밥,4. 일식 (기타 전문점：카레・라면 등),송파구 덮밥 배달 맛집,덮밥집 난제,서울 송파구 백제고분로45길 25 덮밥집 난제,1,0507-1375-9842,영업 종료 11:30에 영업 시작 11시 30분에 영업 시작 펼쳐보기
1916296791,일식,덮밥,4. 일식 (기타 전문점：카레・라면 등),강동구 덮밥 배달 맛집,그르르테이블 강동고덕점,서울 강동구 동남로81길 32 101호,8,0507-1305-2874,영업 종료 11:00에 영업 시작 11시 0분에 영업 시작 펼쳐보기
31186331,일식,덮밥,3. 일식 (우동・소바),강동구 덮밥 배달 맛집,서울진우동덮밥,서울 강동구 성내로 11 107호 서울진우동덮밥,8,0507-1353-3215,영업 종료 11:00에 영업 시작 11시 0분에 영업 시작 펼쳐보기
20083721,일식,덮밥,4. 일식 (기타 전문점：카레・라면 등),영등포구 덮밥 배달 맛집,타마,서울 영등포구 은행로 30 1층,4,0507-1400-1634,영업 종료 11:00에 영업 시작 11시 0분에 영업 시작 펼쳐보기
1307923429,일식,덮밥,4. 일식 (기타 전문점：카레・라면 등),영등포구 덮밥 배달 맛집,헤비스테이크 여의도점양식,"서울 영등포구 국회대로72길 11 1층 103,104호",4,02-3775-3309,영업 종료 11:00에 영업 시작 11시 0분에 영업 시작 펼쳐보기
1654256215,일식,덮밥,4. 일식 (기타 전문점：카레・라면 등),영등포구 덮밥 배달 맛집,우나기 욘다이메 키쿠카와 여의도점,서울 영등포구 의사당대로 96 TP타워 2층 205호,4,0507-1481-2206,영업 종료 11:00에 영업 시작 11시 0분에 영업 시작 펼쳐보기
1133140506,일식,덮밥,4. 일식 (기타 전문점：카레・라면 등),영등포구 덮밥 배달 맛집,오복수산 씨티플라자 여의도점,서울 영등포구 국제금융로2길 17 씨티플라자 3층,4,0507-1387-9923,영업 종료 11:00에 영업 시작 11시 0분에 영업 시작 펼쳐보기
1419427777,일식,덮밥,4. 일식 (기타 전문점：카레・라면 등),마포구 덮밥 배달 맛집,로스트비프 산볼 망원본점,서울 마포구 월드컵로19길 90 1층,3,0507-1359-2974,영업 종료 11:30에 영업 시작 11시 30분에 영업 시작 펼쳐보기
1685805793,일식,덮밥,4. 일식 (기타 전문점：카레・라면 등),마포구 덮밥 배달 맛집,미쁘동 연남본점일식당,서울 마포구 동교로38길 33-21 2층,3,0507-1350-1881,영업 종료 11:00에 영업 시작 11시 0분에 영업 시작 펼쳐보기
1518836051,일식,덮밥,4. 일식 (기타 전문점：카레・라면 등),마포구 덮밥 배달 맛집,든든덮밥&곱도리 합정점,서울 마포구 양화로 72 1층 101동 111호 든든덮밥,3,0507-1439-0390,영업 종료 10:00에 영업 시작 10시 0분에 영업 시작 펼쳐보기
1828531081,일식,덮밥,4. 일식 (기타 전문점：카레・라면 등),마포구 덮밥 배달 맛집,치히로 홍대점일식당,서울 마포구 와우산로29바길 12-4 1층,3,0507-1411-3004,영업 종료 11:00에 영업 시작 11시 0분에 영업 시작 펼쳐보기
1013909886,일식,덮밥,4. 일식 (기타 전문점：카레・라면 등),마포구 덮밥 배달 맛집,수림식당 홍대점,서울 마포구 와우산로21길 19-19 1층,3,0507-1329-5964,영업 종료 11:00에 영업 시작 11시 0분에 영업 시작 펼쳐보기
2144911618,일식,덮밥,4. 일식 (기타 전문점：카레・라면 등),마포구 덮밥 배달 맛집,종로돈부리 연남,서울 마포구 동교로46길 9 B1,3,02-6448-2384,영업 종료 11:30에 영업 시작 11시 30분에 영업 시작 펼쳐보기
1404947841,일식,덮밥,4. 일식 (기타 전문점：카레・라면 등),강서구 덮밥 배달 맛집,솥내음 마곡 발산역점,서울 강서구 마곡중앙6로 66 퀸즈파크텐 A동 1층 103호,2,0507-1424-9893,영업 종료 10:30에 영업 시작 10시 30분에 영업 시작 펼쳐보기
1905756629,일식,덮밥,4. 일식 (기타 전문점：카레・라면 등),강서구 덮밥 배달 맛집,구름계란덮밥 본점덮밥,서울 강서구 강서로29길 52 1층 102호 일부,2,0507-1467-0977,영업 종료 10:00에 영업 시작 10시 0분에 영업 시작 펼쳐보기
1715314216,일식,덮밥,4. 일식 (기타 전문점：카레・라면 등),강서구 덮밥 배달 맛집,헤비스테이크 마곡점양식,서울 강서구 마곡중앙6로 45 리더스퀘어마곡 1층 134호 헤비스테이크 마곡점,2,02-6951-3909,영업 종료 11:00에 영업 시작 11시 0분에 영업 시작 펼쳐보기
1006553454,일식,덮밥,4. 일식 (기타 전문점：카레・라면 등),양천구 덮밥 배달 맛집,넴넴 목동직영점베트남음식,서울 양천구 목동동로14길 1 1층,2,0507-1394-1233,영업 종료 11:00에 영업 시작 11시 0분에 영업 시작 펼쳐보기
1489135354,일식,덮밥,4. 일식 (기타 전문점：카레・라면 등),양천구 덮밥 배달 맛집,반쌥태국음식,서울 양천구 오목로48길 28 1층,2,0507-1372-3535,영업 종료 11:30에 영업 시작 11시 30분에 영업 시작 펼쳐보기
1964368683,일식,덮밥,4. 일식 (기타 전문점：카레・라면 등),양천구 덮밥 배달 맛집,양산도 목동점,서울 양천구 목동서로 155 상가 113호,2,0507-1490-0462,영업 종료 11:00에 영업 시작 11시 0분에 영업 시작 펼쳐보기
1677615804,일식,덮밥,4. 일식 (기타 전문점：카레・라면 등),종로구 덮밥 배달 맛집,도토리브라더스 광화문본점일식당,,5,,
1854089051,일식,덮밥,4. 일식 (기타 전문점：카레・라면 등),종로구 덮밥 배달 맛집,갸우뚱,,5,,
1280072814,일식,덮밥,4. 일식 (기타 전문점：카레・라면 등),종로구 덮밥 배달 맛집,진작 카키,서울 종로구 창덕궁1길 38 진작카키 안국점,5,0507-1434-4484,영업 종료 11:30에 영업 시작 11시 30분에 영업 시작 펼쳐보기
2077855590,일식,덮밥,4. 일식 (기타 전문점：카레・라면 등),종로구 덮밥 배달 맛집,헤비스테이크 대학로점양식,서울 종로구 대명길 42 1층 102호,5,0507-1390-3903,영업 종료 11:00에 영업 시작 11시 0분에 영업 시작 펼쳐보기
1500312599,일식,덮밥,4. 일식 (기타 전문점：카레・라면 등),중구 덮밥 배달 맛집,소하덮밥,,5,0507-1380-8466,영업 종료 11:00에 영업 시작 11시 0분에 영업 시작 펼쳐보기
16059036,일식,덮밥,4. 일식 (기타 전문점：카레・라면 등),중구 덮밥 배달 맛집,홍보장중식당,,5,042-254-8759,영업 종료 10:30에 영업 시작 10시 30분에 영업 시작 펼쳐보기
1780792210,일식,덮밥,4. 일식 (기타 전문점：카레・라면 등),중구 덮밥 배달 맛집,고베규카츠 대전은행점돈가스,,5,0507-1383-8289,영업 종료 11:30에 영업 시작 11시 30분에 영업 시작 펼쳐보기
2063373063,일식,덮밥,4. 일식 (기타 전문점：카레・라면 등),용산구 덮밥 배달 맛집,고로고로 용산,서울 용산구 한강대로11길 27 1층,5,0507-1379-9796,영업 종료 11:30에 영업 시작 11시 30분에 영업 시작 펼쳐보기
2074662256,일식,덮밥,4. 일식 (기타 전문점：카레・라면 등),용산구 덮밥 배달 맛집,한남만리,서울 용산구 독서당로 46 한남아이파크 1층 101호,5,02-795-9292,영업 종료 11:00에 영업 시작 11시 0분에 영업 시작 펼쳐보기
1128547190,일식,덮밥,4. 일식 (기타 전문점：카레・라면 등),용산구 덮밥 배달 맛집,진작다이닝 용산점일식당,서울 용산구 한강대로 100 B1층 진작다이닝,5,070-7661-4484,영업 종료 11:00에 영업 시작 11시 0분에 영업 시작 펼쳐보기 휴무일 05/25 대체공휴일(부처님오신날) 안내
1813533684,일식,덮밥,4. 일식 (기타 전문점：카레・라면 등),용산구 덮밥 배달 맛집,효뜨베트남음식,서울 용산구 한강대로38길 35 1층,5,0507-1320-2549,영업 종료 11:00에 영업 시작 11시 0분에 영업 시작 펼쳐보기
1030168902,일식,덮밥,4. 일식 (기타 전문점：카레・라면 등),용산구 덮밥 배달 맛집,타케모토일식당,서울 용산구 두텁바위로 61 지원빌딩 1층,5,02-777-4649,오늘 휴무 매주 월요일 휴무 매주 월요일 휴무 펼쳐보기
1838211811,일식,덮밥,4. 일식 (기타 전문점：카레・라면 등),성동구 덮밥 배달 맛집,고로고로 성수,"서울 성동구 아차산로13길 16 1층 101, 102, 103호",6,0507-1382-4466,영업 종료 11:30에 영업 시작 11시 30분에 영업 시작 펼쳐보기
1115969228,일식,덮밥,4. 일식 (기타 전문점：카레・라면 등),성동구 덮밥 배달 맛집,미쁘동 성수일식당,서울 성동구 서울숲2길 11-12 2층,6,0507-1471-1881,영업 종료 11:00에 영업 시작 11시 0분에 영업 시작 펼쳐보기
1920824466,일식,덮밥,4. 일식 (기타 전문점：카레・라면 등),성동구 덮밥 배달 맛집,도우또 성수,서울 성동구 서울숲4길 18-8 1층,6,0507-1418-1064,영업 종료 11:00에 영업 시작 11시 0분에 영업 시작 펼쳐보기
1957072341,일식,덮밥,4. 일식 (기타 전문점：카레・라면 등),성동구 덮밥 배달 맛집,남짐릇,서울 성동구 연무장5가길 32 지하1층,6,0507-1340-6811,영업 종료 11:00에 영업 시작 11시 0분에 영업 시작 펼쳐보기
1932455315,일식,덮밥,4. 일식 (기타 전문점：카레・라면 등),노원구 덮밥 배달 맛집,헹헹포차나,서울 노원구 공릉로 101 1층 일부,7,0506-456-2319,오늘 휴무 매주 월요일 휴무 매주 월요일 휴무 펼쳐보기
460447110,일식,덮밥,4. 일식 (기타 전문점：카레・라면 등),노원구 덮밥 배달 맛집,공릉동 도깨비,,7,,
13434175,일식,덮밥,4. 일식 (기타 전문점：카레・라면 등),노원구 덮밥 배달 맛집,태릉풍천장어,,7,,
1635000652,일식,소바,3. 일식 (우동・소바),강남구 소바 배달 맛집,아부라소바 하나레,서울 강남구 논현로167길 16 지상1층 106호,1,0507-1371-0893,영업 종료 11:30에 영업 시작 11시 30분에 영업 시작 펼쳐보기
1248034794,일식,소바,3. 일식 (우동・소바),강남구 소바 배달 맛집,초이다이닝 강남점,서울 강남구 봉은사로2길 7 지상2층 202호,1,0507-1392-2101,영업 종료 11:30에 영업 시작 11시 30분에 영업 시작 펼쳐보기
1185210365,일식,소바,3. 일식 (우동・소바),강남구 소바 배달 맛집,작은동경 본점,서울 강남구 테헤란로70길 25 2층 202호 작은동경,1,0507-1303-4094,영업 중 23:00에 영업 종료 23시 0분에 영업 종료 펼쳐보기
37891352,일식,소바,3. 일식 (우동・소바),서초구 소바 배달 맛집,미나미 서초점,서울 서초구 서초대로58길 31-2 1층 미나미,1,0507-1322-0373,영업 종료 11:00에 영업 시작 11시 0분에 영업 시작 펼쳐보기
1393074049,일식,소바,3. 일식 (우동・소바),서초구 소바 배달 맛집,아소산 겐안일식당,서울 서초구 사평대로56길 7 2층,1,0507-1330-6659,"영업 종료 11:00에 영업 시작 11시 0분에 영업 시작 펼쳐보기 휴무일 05/16, 05/24 부처님 오신 날, 05/25 대체공휴일(부처님오신날) 안내"
1828700834,일식,소바,2. 일식 (정식・초밥),송파구 소바 배달 맛집,스시호,서울 송파구 가락로 98 1층,1,0507-1377-6332,영업 종료 11:30에 영업 시작 11시 30분에 영업 시작 펼쳐보기
1287739988,일식,소바,3. 일식 (우동・소바),송파구 소바 배달 맛집,아끼야 본점돈가스,서울 송파구 송이로20길 4 1층 아끼야,1,0507-1306-3453,영업 종료 10:30에 영업 시작 10시 30분에 영업 시작 펼쳐보기
1240937840,일식,소바,2. 일식 (정식・초밥),송파구 소바 배달 맛집,가락정초밥 가락본점,서울 송파구 송파대로28길 27 102동 121호,1,0507-1326-0939,영업 종료 11:10에 영업 시작 11시 10분에 영업 시작 펼쳐보기
1035064468,일식,소바,3. 일식 (우동・소바),영등포구 소바 배달 맛집,카츠쇼쿠도우 영등포구청점,서울 영등포구 당산로 83 한화포레나당산 1층 104호,4,0507-1399-0144,오늘 휴무 05/11 휴무 05/11 휴무 펼쳐보기
56228015,일식,소바,3. 일식 (우동・소바),마포구 소바 배달 맛집,우와 홍대본점,서울 마포구 와우산로21길 21-16 2층,3,0507-1414-9500,영업 종료 12:00에 영업 시작 12시 0분에 영업 시작 펼쳐보기
1931292312,일식,소바,3. 일식 (우동・소바),마포구 소바 배달 맛집,열정타코 연남본점,서울 마포구 성미산로29길 20 지1층 B03호,3,0507-1386-1365,영업 중 22:30에 라스트오더 22시 30분에 라스트오더 펼쳐보기
1514971383,일식,소바,2. 일식 (정식・초밥),강서구 소바 배달 맛집,고쉐프의 신선한 초밥 in마곡,서울 강서구 강서로 433 오드카운티 2차 101호 (1차 및 옆건물 주차불가),2,0507-1427-3736,영업 종료 11:00에 영업 시작 11시 0분에 영업 시작 펼쳐보기
1270210820,일식,소바,3. 일식 (우동・소바),양천구 소바 배달 맛집,하이,서울 양천구 오목로 313-1 2층,2,0507-1350-7743,영업 중 다음 날 02:00에 영업 종료 다음 날 2시 0분에 영업 종료 펼쳐보기
37174865,일식,소바,3. 일식 (우동・소바),양천구 소바 배달 맛집,갓포 쿠마카세,서울 양천구 목동동로 226-11 1층,2,02-333-3376,영업 중 23:00에 영업 종료 23시 0분에 영업 종료 펼쳐보기
1416540834,일식,소바,3. 일식 (우동・소바),종로구 소바 배달 맛집,종로 희희,서울 종로구 대학로 42-7 1층,5,0507-1335-7800,영업 종료 11:00에 영업 시작 11시 0분에 영업 시작 펼쳐보기
38522243,일식,소바,3. 일식 (우동・소바),종로구 소바 배달 맛집,카츠카린,서울 종로구 홍지문2길 6,5,0507-1379-7115,영업 종료 10:30에 영업 시작 10시 30분에 영업 시작 펼쳐보기 휴무일 05/24 부처님 오신 날 안내
1217374207,일식,소바,3. 일식 (우동・소바),종로구 소바 배달 맛집,부암동돈가스집1979돈가스,,5,,
16082458,일식,소바,3. 일식 (우동・소바),중구 소바 배달 맛집,소풍,,5,042-222-4109,영업 종료 11:00에 영업 시작 11시 0분에 영업 시작 펼쳐보기
37152606,일식,소바,3. 일식 (우동・소바),중구 소바 배달 맛집,"겐로쿠우동 서대전점우동,소바",,5,,오늘 휴무 매주 월요일 휴무 매주 월요일 휴무 펼쳐보기
1665486713,일식,소바,3. 일식 (우동・소바),중구 소바 배달 맛집,국수나무 문화점,,5,,
1765449474,일식,소바,3. 일식 (우동・소바),용산구 소바 배달 맛집,산동,서울 용산구 한강대로39길 5,5,02-797-1504,영업 종료 11:00에 영업 시작 11시 0분에 영업 시작 펼쳐보기
1951921606,일식,소바,3. 일식 (우동・소바),용산구 소바 배달 맛집,돈카춘 숙대점돈가스,서울 용산구 청파로45길 14-1 1층,5,02-711-3249,영업 종료 11:00에 영업 시작 11시 0분에 영업 시작 펼쳐보기
1273416195,일식,소바,3. 일식 (우동・소바),성동구 소바 배달 맛집,핫쵸 성수점일식당,서울 성동구 왕십리로5길 9-20 1층,6,0507-1396-1137,영업 종료 11:30에 영업 시작 11시 30분에 영업 시작 펼쳐보기
1207438102,일식,소바,3. 일식 (우동・소바),성동구 소바 배달 맛집,도도한면 성수본점,서울 성동구 연무장길 41-17,6,02-499-9929,영업 종료 11:30에 영업 시작 11시 30분에 영업 시작 펼쳐보기
1769424895,일식,소바,2. 일식 (정식・초밥),노원구 소바 배달 맛집,푸른스시 광운대본점,서울 노원구 광운로 33 1층 오른쪽호 푸른스시,7,02-943-8791,영업 종료 10:30에 영업 시작 10시 30분에 영업 시작 펼쳐보기
1174905682,일식,소바,3. 일식 (우동・소바),강북구 소바 배달 맛집,통통국수,서울 강북구 도봉로10길 70 1층,7,0507-1419-9221,영업 종료 11:00에 영업 시작 11시 0분에 영업 시작 펼쳐보기
13190039,일식,소바,3. 일식 (우동・소바),강북구 소바 배달 맛집,토방,서울 강북구 삼각산로 63 1층,7,0507-1360-6802,영업 종료 10:30에 영업 시작 10시 30분에 영업 시작 펼쳐보기
1756703719,일식,소바,3. 일식 (우동・소바),강북구 소바 배달 맛집,분코 수유점,서울 강북구 도봉로87길 34-4 2층 분코,7,0507-1345-6451,오늘 휴무 매주 월요일 휴무 매주 월요일 휴무 펼쳐보기
1313273629,일식,소바,3. 일식 (우동・소바),강북구 소바 배달 맛집,51구역,서울 강북구 노해로8길 1 1층 51구역,7,0507-1380-2203,영업 중 다음 날 02:00에 영업 종료 다음 날 2시 0분에 영업 종료 펼쳐보기
1790181428,일식,소바,3. 일식 (우동・소바),성북구 소바 배달 맛집,소바의온도 성신여대점일식당,서울 성북구 보문로34길 15 2층,7,070-8287-2040,영업 종료 11:00에 영업 시작 11시 0분에 영업 시작 펼쳐보기
1188820609,일식,소바,3. 일식 (우동・소바),광진구 소바 배달 맛집,주민카츠,서울 광진구 아차산로 624 1층 101호,6,0507-1323-5317,영업 종료 11:00에 영업 시작 11시 0분에 영업 시작 펼쳐보기
17972339,일식,소바,3. 일식 (우동・소바),광진구 소바 배달 맛집,장가 메차쿠차돈가스,서울 광진구 구의강변로3길 11 지하1층 메차쿠차,6,02-453-9733,영업 종료 11:00에 영업 시작 11시 0분에 영업 시작 펼쳐보기
2011018653,일식,소바,3. 일식 (우동・소바),동대문구 소바 배달 맛집,나은이네,"서울 동대문구 회기로21가길 22 지하 1층, 1층, 2층",6,0507-1487-1629,영업 중 다음 날 01:00에 라스트오더 다음 날 1시 0분에 라스트오더 펼쳐보기
2058610771,일식,소바,3. 일식 (우동・소바),동대문구 소바 배달 맛집,몽밀 정릉천점일식당,서울 동대문구 고산자로56길 30-1 1층 몽밀 정릉천점,6,0507-1384-9497,변경됩니다 :-) 2026.04.24. 주소 서울 동대문구 고산자로56길 30-1 1층 몽밀 정릉천점 6고려대역 4번 출구에서 325m 미터 찾아가는길 고려대역 4번출구로 나와서 정릉천 다리 건너에 있습니다 :-) 영업시간 영업 종료 11:30에 영업 시작 11시 30
1747459527,일식,소바,3. 일식 (우동・소바),은평구 소바 배달 맛집,카츠몬스터 연신내점,서울 은평구 연서로28길 4-1 1층 카츠몬스터 연신내점,3,0507-1301-8347,영업 종료 10:30에 영업 시작 10시 30분에 영업 시작 펼쳐보기
38009195,일식,소바,3. 일식 (우동・소바),은평구 소바 배달 맛집,불티나손만두만두,서울 은평구 은평로 64,3,0507-1391-4240,영업 종료 10:00에 영업 시작 10시 0분에 영업 시작 펼쳐보기
1005767268,일식,소바,3. 일식 (우동・소바),서대문구 소바 배달 맛집,"소바연구소 신촌본점우동,소바",서울 서대문구 명물길 50-9 1층,3,0507-1377-6970,영업 종료 11:30에 영업 시작 11시 30분에 영업 시작 펼쳐보기
1428469944,일식,스시,2. 일식 (정식・초밥),마포구 스시 배달 맛집,올바른스시 홍대역직영점,서울 마포구 동교로 199-1 1층 올바른스시,3,02-3141-8833,곧 영업 종료 22:30에 영업 종료 22시 30분에 영업 종료 펼쳐보기
34129983,일식,스시,2. 일식 (정식・초밥),성북구 스시 배달 맛집,남해바다마차,서울 성북구 한천로78길 71 2층 남해바다마차,7,02-966-5036,영업 중 23:00에 라스트오더 23시 0분에 라스트오더 펼쳐보기
11601803,한식,찌개,9. 한식 (기타 전문점：고기 구이・냉면・칼국수 등),강남구 찌개 배달 맛집,무등산 청담,서울 강남구 선릉로146길 3 승봉빌딩,1,0507-1409-4017,영업 중 23:30에 라스트오더 23시 30분에 라스트오더 펼쳐보기
808062077,한식,찌개,9. 한식 (기타 전문점：고기 구이・냉면・칼국수 등),송파구 찌개 배달 맛집,칡산에황제보쌈 곤드레돌솥밥 오금점,서울 송파구 오금로35길 8 1층,1,0507-1430-2220,영업 종료 11:00에 영업 시작 11시 0분에 영업 시작 펼쳐보기
37161338,한식,찌개,9. 한식 (기타 전문점：고기 구이・냉면・칼국수 등),강동구 찌개 배달 맛집,한우촌돼지마을앤간장게장,서울 강동구 양재대로 1465 마루홈타운 2층 201호,8,02-484-8360,24시간 영업 펼쳐보기
11819031,한식,찌개,9. 한식 (기타 전문점：고기 구이・냉면・칼국수 등),영등포구 찌개 배달 맛집,팔만식당 1970 여의도본점,서울 영등포구 국회대로72길 11 지하1층,4,0507-1425-3336,영업 종료 10:00에 영업 시작 10시 0분에 영업 시작 펼쳐보기 휴무일 05/24 부처님 오신 날 안내
1223532835,한식,찌개,9. 한식 (기타 전문점：고기 구이・냉면・칼국수 등),중구 찌개 배달 맛집,다원석갈비 중촌직영점,,5,0507-1425-9319,오늘 휴무 매주 월요일 휴무 매주 월요일 휴무 펼쳐보기
1616874852,한식,찌개,7. 한식 (일반 찌개・탕 전문점),중구 찌개 배달 맛집,아찌부대찌개 태평점,,5,0507-1374-9777,영업 종료 10:30에 영업 시작 10시 30분에 영업 시작 펼쳐보기
518032883,한식,찌개,9. 한식 (기타 전문점：고기 구이・냉면・칼국수 등),용산구 찌개 배달 맛집,돈쌈지장작숯불구이 용산점,서울 용산구 원효로41길 53 1층,5,02-701-9293,영업 중 23:20에 라스트오더 23시 20분에 라스트오더 펼쳐보기
1291011536,한식,찌개,9. 한식 (기타 전문점：고기 구이・냉면・칼국수 등),성북구 찌개 배달 맛집,대풍족,서울 성북구 보문로 129 1층 대풍족,7,0507-1347-3061,영업 중 다음 날 02:30에 라스트오더 다음 날 2시 30분에 라스트오더 펼쳐보기
1577208093,한식,찌개,7. 한식 (일반 찌개・탕 전문점),서대문구 찌개 배달 맛집,"백채김치찌개 신촌점찌개,전골",서울 서대문구 연세로12길 18 1층,3,02-312-9201,영업 종료 11:00에 영업 시작 11시 0분에 영업 시작 펼쳐보기
1081329654,한식,찜닭,9. 한식 (기타 전문점：고기 구이・냉면・칼국수 등),중구 찜닭 배달 맛집,두찜 대전서대전점,,5,042-226-6680,영업 종료 10:00에 영업 시작 10시 0분에 영업 시작 펼쳐보기
21547358,한식,찜닭,9. 한식 (기타 전문점：고기 구이・냉면・칼국수 등),용산구 찜닭 배달 맛집,고수찜닭,서울 용산구 청파로45길 29 1층 고수찜닭,5,0507-1413-9982,영업 종료 10:30에 영업 시작 10시 30분에 영업 시작 펼쳐보기
1304685572,한식,찜닭,9. 한식 (기타 전문점：고기 구이・냉면・칼국수 등),광진구 찜닭 배달 맛집,두찜 건대점,서울 광진구 동일로20길 89 2층,6,02-498-3164,영업 종료 11:00에 영업 시작 11시 0분에 영업 시작 펼쳐보기
1812324751,한식,찜닭,9. 한식 (기타 전문점：고기 구이・냉면・칼국수 등),은평구 찜닭 배달 맛집,두찜 은평진관점,서울 은평구 통일로 1034 115호,3,02-353-2770,영업 종료 11:00에 영업 시작 11시 0분에 영업 시작 펼쳐보기
1583938382,한식,제육,5. 한식 (일반 정식),강동구 제육 배달 맛집,영광굴비한정식,,8,,
1726106063,한식,제육,5. 한식 (일반 정식),영등포구 제육 배달 맛집,다복해정,"서울 영등포구 선유로28길 6 101호,102호",4,0507-1434-4986,영업 종료 11:00에 영업 시작 11시 0분에 영업 시작 펼쳐보기
1758965565,한식,제육,5. 한식 (일반 정식),양천구 제육 배달 맛집,청학칡냉면냉면,서울 양천구 남부순환로79길 13,2,0507-1447-1168,오늘 휴무 05/11 휴무 05/11 휴무 펼쳐보기
1700433378,한식,제육,5. 한식 (일반 정식),종로구 제육 배달 맛집,인왕산호랭이주막,서울 종로구 인왕산로 19 1층,5,0507-1351-6326,영업 종료 11:00에 영업 시작 11시 0분에 영업 시작 펼쳐보기
2062921273,한식,제육,6. 한식 (해물 정식・회 전문점),종로구 제육 배달 맛집,개나리아구찜 종로직영점,서울 종로구 종로14길 20 1층,5,0507-1409-0043,영업 종료 11:00에 영업 시작 11시 0분에 영업 시작 펼쳐보기
1628589312,한식,제육,5. 한식 (일반 정식),성동구 제육 배달 맛집,해탄 왕십리역점,서울 성동구 마조로1길 39 2층,6,0507-1374-5728,영업 중 다음 날 10:10에 라스트오더 다음 날 10시 10분에 라스트오더 펼쳐보기
1116861401,한식,제육,5. 한식 (일반 정식),노원구 제육 배달 맛집,권순옥김밥,서울 노원구 동일로 1354,7,02-935-5260,정보 수정 영업시간 수정 제안하기 추가
1966304761,한식,제육,5. 한식 (일반 정식),강북구 제육 배달 맛집,주당일기 수유점,서울 강북구 도봉로87길 39 2층,7,0507-1326-7869,영업 중 다음 날 03:15에 라스트오더 다음 날 3시 15분에 라스트오더 펼쳐보기
1513420267,한식,제육,5. 한식 (일반 정식),동대문구 제육 배달 맛집,송원,서울 동대문구 이문로28길 14 1층,6,0507-1311-5764,영업 종료 10:30에 영업 시작 10시 30분에 영업 시작 펼쳐보기
1742128814,한식,백반,5. 한식 (일반 정식),강북구 백반 배달 맛집,미락식당,서울 강북구 한천로144길 12 2층,7,02-993-5875,영업 종료 11:00에 영업 시작 11시 0분에 영업 시작 펼쳐보기
38431319,한식,백반,7. 한식 (일반 찌개・탕 전문점),광진구 백반 배달 맛집,153콩나물국밥국밥,서울 광진구 아차산로 297,6,02-456-2319,영업 종료 08:00에 영업 시작 8시 0분에 영업 시작 펼쳐보기
1958551372,한식,국밥,7. 한식 (일반 찌개・탕 전문점),서초구 국밥 배달 맛집,방배본가면옥한식,서울 서초구 방배로 41,1,02-587-5799,영업 종료 11:00에 영업 시작 11시 0분에 영업 시작 펼쳐보기
2089702382,한식,국밥,7. 한식 (일반 찌개・탕 전문점),송파구 국밥 배달 맛집,최순옥명품국밥 잠실삼전점국밥,서울 송파구 삼학사로 67 1층,1,0507-1315-3344,영업 종료 10:00에 영업 시작 10시 0분에 영업 시작 펼쳐보기
2042225986,한식,국밥,7. 한식 (일반 찌개・탕 전문점),강동구 국밥 배달 맛집,본가네국밥 천호점,서울 강동구 천호대로161길 7,8,02-6941-1720,영업 종료 10:00에 영업 시작 10시 0분에 영업 시작 펼쳐보기
1754278340,한식,국밥,8. 한식 (해물 찌개・탕 전문점),노원구 국밥 배달 맛집,서울회관 상계점한식,서울 노원구 한글비석로49길 64 1층 서울회관 상계점,7,02-930-1118,영업 종료 10:00에 영업 시작 10시 0분에 영업 시작 펼쳐보기
1337502250,한식,비빔밥,5. 한식 (일반 정식),강남구 비빔밥 배달 맛집,맛자랑한식,서울 강남구 선릉로 524 107호 맛자랑,1,0507-1326-9646,영업 종료 11:00에 영업 시작 11시 0분에 영업 시작 펼쳐보기
19699783,한식,비빔밥,5. 한식 (일반 정식),서초구 비빔밥 배달 맛집,오대산산채전문점한식,"서울 서초구 남부순환로 2640-11 , 1층",1,02-571-4565,영업 종료 11:30에 영업 시작 11시 30분에 영업 시작 펼쳐보기
1785474879,한식,비빔밥,5. 한식 (일반 정식),강북구 비빔밥 배달 맛집,싸다김밥 수유역점분식,"서울 강북구 도봉로 327 1층 101, 102호",7,02-990-5423,영업 중 다음 날 03:00에 영업 종료 다음 날 3시 0분에 영업 종료 펼쳐보기
1572308413,한식,비빔밥,5. 한식 (일반 정식),은평구 비빔밥 배달 맛집,솔찬 장칼국수 구파발본점,서울 은평구 북한산로 2 금호어울림10단지 1028동 상가 1층 구파발 장칼국수,3,0507-1433-1403,영업 종료 11:00에 영업 시작 11시 0분에 영업 시작 펼쳐보기
37282214,일식,이자카야,1. 일식 (선술집),강남구 이자카야 배달 맛집,수다 삼성1호점,서울 강남구 테헤란로87길 53,1,02-596-3584,영업 중 다음 날 02:00에 영업 종료 다음 날 2시 0분에 영업 종료 펼쳐보기
13348519,일식,이자카야,1. 일식 (선술집),강남구 이자카야 배달 맛집,타이쇼,서울 강남구 강남대로42길 16,1,0507-1455-2453,곧 영업 시작 17:00에 영업 시작 17시 0분에 영업 시작 펼쳐보기
1725612670,일식,이자카야,1. 일식 (선술집),강남구 이자카야 배달 맛집,이자카야 찬,서울 강남구 논현로 634 지상1~2층,1,0507-1410-4565,곧 영업 시작 17:00에 영업 시작 17시 0분에 영업 시작 펼쳐보기
1719067822,일식,이자카야,1. 일식 (선술집),강남구 이자카야 배달 맛집,육회천지 신사점,서울 강남구 도산대로8길 9 1층,1,0507-1327-6302,영업 전 17:30에 영업 시작 17시 30분에 영업 시작 펼쳐보기
1266872356,일식,이자카야,1. 일식 (선술집),강남구 이자카야 배달 맛집,수다 대치점,서울 강남구 선릉로86길 37,1,0507-1320-3584,영업 중 다음 날 02:00에 영업 종료 다음 날 2시 0분에 영업 종료 펼쳐보기
31202538,일식,이자카야,1. 일식 (선술집),강남구 이자카야 배달 맛집,미카 압구정점,서울 강남구 논현로 841 105호,1,0507-1441-6557,영업 중 다음 날 02:00에 영업 종료 다음 날 2시 0분에 영업 종료 펼쳐보기
1395173053,일식,이자카야,1. 일식 (선술집),서초구 이자카야 배달 맛집,난바우동&이자카야 방배본점,서울 서초구 동작대로 56 1층,1,0507-1374-1957,곧 영업 시작 17:00에 영업 시작 17시 0분에 영업 시작 펼쳐보기
54194954,일식,이자카야,1. 일식 (선술집),서초구 이자카야 배달 맛집,이자카야나무 삼성타운점,서울 서초구 서초대로78길 26,1,0507-1411-6787,영업 중 다음 날 04:00에 라스트오더 다음 날 4시 0분에 라스트오더 펼쳐보기
13339617,일식,이자카야,1. 일식 (선술집),서초구 이자카야 배달 맛집,무샤,서울 서초구 서래로 33 1층,1,0507-1410-8886,영업 중 다음 날 00:00에 라스트오더 다음 날 0시 0분에 라스트오더 펼쳐보기
1926988980,일식,이자카야,1. 일식 (선술집),서초구 이자카야 배달 맛집,이자카야나무 사당점,"서울 서초구 방배천로2길 25 2층, 3층",1,0507-1498-6787,영업 중 다음 날 05:00에 영업 종료 다음 날 5시 0분에 영업 종료 펼쳐보기
2043690800,일식,이자카야,1. 일식 (선술집),서초구 이자카야 배달 맛집,시선 교대점,서울 서초구 서초대로50길 40 지하1층,1,0507-1411-4225,영업 중 다음 날 01:30에 라스트오더 다음 날 1시 30분에 라스트오더 펼쳐보기
33292807,일식,이자카야,1. 일식 (선술집),송파구 이자카야 배달 맛집,큐스시이자카야,서울 송파구 위례성대로22나길 23,1,02-430-6681,영업 중 24:00에 영업 종료 0시 0분에 영업 종료 펼쳐보기
1370480264,일식,이자카야,1. 일식 (선술집),송파구 이자카야 배달 맛집,도아심야식당,서울 송파구 가락로 150 1층 101호,1,0507-1374-9459,영업 중 다음 날 01:30에 라스트오더 다음 날 1시 30분에 라스트오더 펼쳐보기
1161388914,일식,이자카야,1. 일식 (선술집),송파구 이자카야 배달 맛집,나나미 이자카야 잠실방이점,서울 송파구 오금로11길 14 202호,1,0507-1497-1592,영업 중 22:30에 라스트오더 22시 30분에 라스트오더 펼쳐보기
1062153131,일식,이자카야,1. 일식 (선술집),송파구 이자카야 배달 맛집,조용,서울 송파구 위례성대로18길 31-8 1층,1,0507-1322-6587,"영업 전 17:30에 영업 시작 17시 30분에 영업 시작 펼쳐보기 휴무일 05/17, 05/25, 05/31 안내"
1997245537,일식,이자카야,1. 일식 (선술집),송파구 이자카야 배달 맛집,이자카야 메끼야,서울 송파구 올림픽로32길 29 201호 메끼야,1,02-418-0812,영업 중 다음 날 02:00에 영업 종료 다음 날 2시 0분에 영업 종료 펼쳐보기
1971408303,일식,이자카야,1. 일식 (선술집),강동구 이자카야 배달 맛집,연풍민락,서울 강동구 천호대로157길 18 2층 연풍민락,8,0507-1376-9688,영업 중 다음 날 03:00에 영업 종료 다음 날 3시 0분에 영업 종료 펼쳐보기
1300006204,일식,이자카야,1. 일식 (선술집),강동구 이자카야 배달 맛집,길동 감동다이닝,서울 강동구 천중로53길 13 1층,8,0507-1324-6438,영업 중 23:30에 라스트오더 23시 30분에 라스트오더 펼쳐보기
19535265,일식,이자카야,1. 일식 (선술집),강동구 이자카야 배달 맛집,일층이자카야,서울 강동구 양재대로89가길 14,8,070-8840-2667,영업 중 다음 날 00:00에 라스트오더 다음 날 0시 0분에 라스트오더 펼쳐보기
33875852,일식,이자카야,1. 일식 (선술집),강동구 이자카야 배달 맛집,아키노유키 천호점이자카야,서울 강동구 올림픽로70길 50-7,8,0507-1307-6923,영업 중 다음 날 01:00에 라스트오더 다음 날 1시 0분에 라스트오더 펼쳐보기
32333286,일식,이자카야,1. 일식 (선술집),강동구 이자카야 배달 맛집,스키마야 천호본점,서울 강동구 올림픽로70길 56-14 1층 스키마야,8,0507-1405-2961,영업 전 17:30에 영업 시작 17시 30분에 영업 시작 펼쳐보기
1687075144,일식,이자카야,1. 일식 (선술집),강동구 이자카야 배달 맛집,후타리 리온,"서울 강동구 천호대로159길 53 1층, 2층",8,0507-1349-3597,영업 중 다음 날 01:00에 영업 종료 다음 날 1시 0분에 영업 종료 펼쳐보기 휴무일 05/18 안내
1170122861,일식,이자카야,1. 일식 (선술집),영등포구 이자카야 배달 맛집,쿠시인 본점,서울 영등포구 영중로14길 44-1 1층,4,0507-1301-6234,영업 중 다음 날 02:00에 영업 종료 다음 날 2시 0분에 영업 종료 펼쳐보기
1417042543,일식,이자카야,1. 일식 (선술집),영등포구 이자카야 배달 맛집,이자카야나무 여의도점,서울 영등포구 여의대방로67길 18,4,0507-1381-6787,영업 중 다음 날 03:00에 영업 종료 다음 날 3시 0분에 영업 종료 펼쳐보기
1043462991,일식,이자카야,1. 일식 (선술집),영등포구 이자카야 배달 맛집,이자카야나무 서여의도점,서울 영등포구 국회대로72길 22 2층,4,0507-1309-6787,영업 중 다음 날 01:30에 라스트오더 다음 날 1시 30분에 라스트오더 펼쳐보기
1546253107,일식,이자카야,1. 일식 (선술집),영등포구 이자카야 배달 맛집,꼬치공방 문래점,서울 영등포구 당산로 34 1층 131호 꼬치공방,4,02-3667-1113,영업 중 다음 날 02:00에 영업 종료 다음 날 2시 0분에 영업 종료 펼쳐보기
1704551824,일식,이자카야,1. 일식 (선술집),영등포구 이자카야 배달 맛집,미츠바,서울 영등포구 경인로77길 14 영문빌딩 1층 107호,4,0507-1360-5201,영업 중 23:30에 라스트오더 23시 30분에 라스트오더 펼쳐보기
1125037096,일식,이자카야,1. 일식 (선술집),마포구 이자카야 배달 맛집,네즈,서울 마포구 성지3길 60 2층,3,0507-1343-1175,영업 중 22:45에 라스트오더 22시 45분에 라스트오더 펼쳐보기
1287080078,일식,이자카야,1. 일식 (선술집),마포구 이자카야 배달 맛집,미식가주택 홍대 상수점이자카야,서울 마포구 와우산로 15-5 1층,3,0507-1329-9808,영업 전 18:00에 영업 시작 18시 0분에 영업 시작 펼쳐보기
1848350637,일식,이자카야,1. 일식 (선술집),마포구 이자카야 배달 맛집,이자카야 연정,서울 마포구 양화로23길 24 2층 일부,3,0507-1370-9339,영업 중 다음 날 02:00에 영업 종료 다음 날 2시 0분에 영업 종료 펼쳐보기
37176082,일식,이자카야,1. 일식 (선술집),마포구 이자카야 배달 맛집,히로 연남본점,서울 마포구 동교로 276 2층,3,0507-1407-4795,영업 중 다음 날 02:30에 라스트오더 다음 날 2시 30분에 라스트오더 펼쳐보기
1275939992,일식,이자카야,1. 일식 (선술집),마포구 이자카야 배달 맛집,토메루,서울 마포구 와우산로29길 56-6 1층 토메루,3,0507-1319-9206,영업 전 18:00에 영업 시작 18시 0분에 영업 시작 펼쳐보기
13390945,일식,이자카야,1. 일식 (선술집),마포구 이자카야 배달 맛집,섬,서울 마포구 희우정로 103 1층,3,,영업 중 다음 날 02:00에 라스트오더 다음 날 2시 0분에 라스트오더 펼쳐보기
1194099490,일식,이자카야,1. 일식 (선술집),강서구 이자카야 배달 맛집,이자카야우연,서울 강서구 강서로18다길 40 1층,2,0507-1444-3126,영업 중 다음 날 01:00에 라스트오더 다음 날 1시 0분에 라스트오더 펼쳐보기
1339273036,일식,이자카야,1. 일식 (선술집),강서구 이자카야 배달 맛집,호호방,서울 강서구 마곡중앙로 161-1 마곡나루 캐슬파크 1층 115호,2,0507-1349-4439,영업 중 23:20에 라스트오더 23시 20분에 라스트오더 펼쳐보기
1141250899,일식,이자카야,1. 일식 (선술집),강서구 이자카야 배달 맛집,로바타소노 마곡나루직영점,"서울 강서구 마곡중앙로 161-1 제2층 207, 208호",2,0507-1476-6624,영업 중 다음 날 01:00에 라스트오더 다음 날 1시 0분에 라스트오더 펼쳐보기
1318354946,일식,이자카야,1. 일식 (선술집),강서구 이자카야 배달 맛집,쇼쿠,"서울 강서구 마곡중앙6로 11 보타닉파크타워3 1층 105, 106호",2,,영업 중 23:00에 라스트오더 23시 0분에 라스트오더 펼쳐보기
1518765993,일식,이자카야,1. 일식 (선술집),강서구 이자카야 배달 맛집,오늘꼬치 먹을꼬치,서울 강서구 강서로45나길 50 1층 103호 오늘꼬치 먹을꼬치,2,0507-1413-0071,영업 중 다음 날 00:00에 라스트오더 다음 날 0시 0분에 라스트오더 펼쳐보기
1064847686,일식,이자카야,1. 일식 (선술집),강서구 이자카야 배달 맛집,아키,서울 강서구 방화동로 18-7 1층 아키,2,,오늘 휴무 05/12 휴무 05/12 휴무 펼쳐보기 휴무일 05/30-05/31 안내
1216287620,일식,이자카야,1. 일식 (선술집),양천구 이자카야 배달 맛집,훈 신정네거리점,서울 양천구 중앙로 262 2층 202호 훈 신정네거리점,2,0507-1337-5194,"영업 중 23:00에 라스트오더 23시 0분에 라스트오더 펼쳐보기 휴무일 05/20, 05/23, 05/25, 05/30 안내"
2068790805,일식,이자카야,1. 일식 (선술집),양천구 이자카야 배달 맛집,오사카비이루룸술집 오목교역점,서울 양천구 오목로 337-10 2층 203호,2,0507-1331-3906,영업 전 17:30에 영업 시작 17시 30분에 영업 시작 펼쳐보기
1654953290,일식,이자카야,1. 일식 (선술집),양천구 이자카야 배달 맛집,이자카야 우규 목동점,서울 양천구 신정중앙로 95 1층,2,0507-1391-5040,영업 중 다음 날 01:00에 라스트오더 다음 날 1시 0분에 라스트오더 펼쳐보기
1915548386,일식,이자카야,1. 일식 (선술집),양천구 이자카야 배달 맛집,이베니꾸 신정네거리본점,서울 양천구 중앙로43길 27 1층 이베니꾸,2,02-2602-2153,영업 중 다음 날 00:30에 라스트오더 다음 날 0시 30분에 라스트오더 펼쳐보기
1650023028,일식,이자카야,1. 일식 (선술집),양천구 이자카야 배달 맛집,사쿠라테이엔 오목교직영점,"서울 양천구 오목로 345 슬로우스퀘어 1층 127호, 128호",2,0507-1331-7614,영업 중 다음 날 01:00에 라스트오더 다음 날 1시 0분에 라스트오더 펼쳐보기
1247379744,일식,이자카야,1. 일식 (선술집),양천구 이자카야 배달 맛집,목동연어,서울 양천구 목동로15길 8 101동 1층 상가 6호,2,0507-1303-1855,영업 중 다음 날 00:00에 라스트오더 다음 날 0시 0분에 라스트오더 펼쳐보기 휴무일 05/24-05/26 안내
1193914144,일식,이자카야,1. 일식 (선술집),종로구 이자카야 배달 맛집,이자카야나무 종각점,"서울 종로구 종로10길 16 2, 3층",5,02-722-6787,영업 중 다음 날 04:30에 라스트오더 다음 날 4시 30분에 라스트오더 펼쳐보기
35112214,일식,이자카야,1. 일식 (선술집),종로구 이자카야 배달 맛집,술에꼬치다 구뻐,서울 종로구 우정국로2길 34 2층,5,0507-1472-8113,영업 중 다음 날 01:00에 영업 종료 다음 날 1시 0분에 영업 종료 펼쳐보기
1658834243,일식,이자카야,6. 한식 (해물 정식・회 전문점),종로구 이자카야 배달 맛집,낙원어시장 종로낙원점생선회,서울 종로구 수표로 121-1 1층 낙원어시장,5,02-744-8826,24시간 영업 횟집 펼쳐보기
1818340303,일식,이자카야,1. 일식 (선술집),종로구 이자카야 배달 맛집,키라키라윤 신당점,서울 중구 다산로39길 22 1층,5,0507-1360-1265,영업 전 18:00에 영업 시작 18시 0분에 영업 시작 펼쳐보기
1923588036,일식,이자카야,1. 일식 (선술집),중구 이자카야 배달 맛집,로바타소노 대흥직영점,,5,0507-1310-1499,영업 중 다음 날 00:00에 라스트오더 다음 날 0시 0분에 라스트오더 펼쳐보기
1522970219,일식,이자카야,1. 일식 (선술집),중구 이자카야 배달 맛집,이자카야 진진 대흥동점,,5,0507-1342-5582,영업 중 다음 날 00:00에 라스트오더 다음 날 0시 0분에 라스트오더 펼쳐보기
1880579030,일식,이자카야,1. 일식 (선술집),중구 이자카야 배달 맛집,청담이상 대흥점,,5,0507-1457-1047,영업 중 다음 날 00:30에 라스트오더 다음 날 0시 30분에 라스트오더 펼쳐보기
13468008,일식,이자카야,1. 일식 (선술집),중구 이자카야 배달 맛집,게다 대흥점이자카야,,5,042-226-9697,영업 중 다음 날 03:00에 영업 종료 다음 날 3시 0분에 영업 종료 펼쳐보기
746698849,일식,이자카야,1. 일식 (선술집),중구 이자카야 배달 맛집,토라야마요리주점,,5,0507-1460-3132,영업 중 다음 날 01:30에 라스트오더 다음 날 1시 30분에 라스트오더 펼쳐보기
1386050573,일식,이자카야,1. 일식 (선술집),중구 이자카야 배달 맛집,코다차야 대전대흥점이자카야,,5,0507-1483-2369,영업 중 다음 날 03:00에 영업 종료 다음 날 3시 0분에 영업 종료 펼쳐보기
35532762,일식,이자카야,1. 일식 (선술집),용산구 이자카야 배달 맛집,무샤 하루네,서울 용산구 한남대로20길 61 1층,5,0507-1326-4421,영업 중 다음 날 01:00에 영업 종료 다음 날 1시 0분에 영업 종료 펼쳐보기
1224067454,일식,이자카야,1. 일식 (선술집),용산구 이자카야 배달 맛집,이태원데판,서울 용산구 이태원로27가길 5 이태원데판,5,0507-1444-5013,영업 전 19:00에 영업 시작 19시 0분에 영업 시작 펼쳐보기
1808194095,일식,이자카야,1. 일식 (선술집),용산구 이자카야 배달 맛집,한남댁,서울 용산구 한남대로21길 32 지하1층,5,0507-1351-8023,영업 중 다음 날 02:30에 라스트오더 다음 날 2시 30분에 라스트오더 펼쳐보기
1452312747,일식,이자카야,1. 일식 (선술집),용산구 이자카야 배달 맛집,모토카레시,서울 용산구 한강대로87길 9 2층,5,0507-1392-7013,영업 중 다음 날 03:00에 영업 종료 다음 날 3시 0분에 영업 종료 펼쳐보기
1737815690,일식,이자카야,1. 일식 (선술집),용산구 이자카야 배달 맛집,후암종점이자카야,서울 용산구 두텁바위로 83 1층,5,,영업 전 19:00에 영업 시작 19시 0분에 영업 시작 펼쳐보기
1394366105,일식,이자카야,1. 일식 (선술집),성동구 이자카야 배달 맛집,키키,서울 성동구 뚝섬로7길 6 1층 키키,6,0507-1491-7181,영업 중 23:00에 라스트오더 23시 0분에 라스트오더 펼쳐보기
1682898142,일식,이자카야,1. 일식 (선술집),성동구 이자카야 배달 맛집,키라키라윤 금호점,서울 성동구 독서당로50길 1,6,070-7797-1212,영업 전 18:00에 영업 시작 18시 0분에 영업 시작 펼쳐보기
1272695635,일식,이자카야,1. 일식 (선술집),성동구 이자카야 배달 맛집,토메루 왕십리,서울 성동구 왕십리로24길 9 2층,6,0507-1423-4415,영업 전 18:00에 영업 시작 18시 0분에 영업 시작 펼쳐보기
1356750560,일식,이자카야,1. 일식 (선술집),성동구 이자카야 배달 맛집,오츠쿠리,서울 성동구 장터길 44-2 2층 오츠쿠리,6,0507-1446-7173,영업 전 17:30에 영업 시작 17시 30분에 영업 시작 펼쳐보기
36561359,일식,이자카야,1. 일식 (선술집),성동구 이자카야 배달 맛집,해양,서울 성동구 금호로 17 서울숲2차푸르지오,6,02-2297-0309,영업 중 24:00에 영업 종료 0시 0분에 영업 종료 펼쳐보기
1992603877,일식,이자카야,1. 일식 (선술집),노원구 이자카야 배달 맛집,키라키라윤 공릉점,"서울 노원구 동일로184길 69-9 3,4층",7,0507-1474-1776,영업 중 다음 날 01:30에 라스트오더 다음 날 1시 30분에 라스트오더 펼쳐보기
1890935047,일식,이자카야,1. 일식 (선술집),노원구 이자카야 배달 맛집,화연장이자카야,서울 노원구 공릉로 191-5 1층,7,0507-1369-9078,영업 중 다음 날 02:00에 영업 종료 다음 날 2시 0분에 영업 종료 펼쳐보기
1822880317,일식,이자카야,1. 일식 (선술집),노원구 이자카야 배달 맛집,이자카야 마침이자카야,서울 노원구 화랑로 337-15 2층,7,0507-1374-3793,영업 중 23:00에 라스트오더 23시 0분에 라스트오더 펼쳐보기
35708523,일식,이자카야,1. 일식 (선술집),노원구 이자카야 배달 맛집,선수의 생선집이자카야,서울 노원구 석계로 11 2층 선수의생선집,7,0507-1320-2746,영업 전 18:00에 영업 시작 18시 0분에 영업 시작 펼쳐보기
1404083917,일식,이자카야,1. 일식 (선술집),노원구 이자카야 배달 맛집,육연식당 노원점,서울 노원구 노해로85길 17 1층 3호 육연식당,7,0507-1489-1108,영업 중 다음 날 01:30에 라스트오더 다음 날 1시 30분에 라스트오더 펼쳐보기
1071476394,일식,이자카야,1. 일식 (선술집),노원구 이자카야 배달 맛집,키라키라윤 월계인덕점,서울 노원구 월계로 338 신도브래뉴 104동 상가 1층,7,070-8848-1211,영업 전 18:00에 영업 시작 18시 0분에 영업 시작 펼쳐보기
19972394,일식,이자카야,1. 일식 (선술집),강북구 이자카야 배달 맛집,쿄우,서울 강북구 오패산로 389,7,02-992-5123,영업 전 17:40에 영업 시작 17시 40분에 영업 시작 펼쳐보기
2086035646,일식,이자카야,1. 일식 (선술집),강북구 이자카야 배달 맛집,시로야이자카야,서울 강북구 도봉로87길 32-4 1층,7,02-6221-2210,영업 전 18:00에 영업 시작 18시 0분에 영업 시작 펼쳐보기
1607096507,일식,이자카야,1. 일식 (선술집),강북구 이자카야 배달 맛집,아카이자카야,서울 강북구 월계로7길 34,7,,영업 중 다음 날 00:30에 라스트오더 다음 날 0시 30분에 라스트오더 펼쳐보기
1101478984,일식,이자카야,1. 일식 (선술집),성북구 이자카야 배달 맛집,연꽃치 성신여대점,서울 성북구 동소문로20길 37-11 1층,7,0507-1385-2824,을 확인하신 후 이용하시면 됩니다 . (24... 내용 더보기 영업시간 영업 중 다음 날 03:00에 영업 종료 다음 날 3시 0분에 영업 종료 펼쳐보기
38276703,일식,이자카야,1. 일식 (선술집),성북구 이자카야 배달 맛집,희야 이자카야,서울 성북구 고려대로26길 32 1F,7,0507-1380-5191,영업 중 다음 날 03:00에 라스트오더 다음 날 3시 0분에 라스트오더 펼쳐보기
1818519475,일식,이자카야,1. 일식 (선술집),성북구 이자카야 배달 맛집,볼하이 성신여대점,서울 성북구 동소문로22길 33-6 1층,7,0507-1329-8861,영업 중 다음 날 00:00에 라스트오더 다음 날 0시 0분에 라스트오더 펼쳐보기
1913483002,일식,이자카야,1. 일식 (선술집),성북구 이자카야 배달 맛집,연꽃치 정릉시장점,서울 성북구 솔샘로6길 55 1층,7,0507-1334-5639,영업 중 다음 날 02:00에 라스트오더 다음 날 2시 0분에 라스트오더 펼쳐보기
1814269927,일식,이자카야,1. 일식 (선술집),성북구 이자카야 배달 맛집,쿠마,서울 성북구 고려대로26길 9 1층 쿠마,7,02-922-3222,영업 중 다음 날 02:00에 라스트오더 다음 날 2시 0분에 라스트오더 펼쳐보기
1817803613,일식,이자카야,1. 일식 (선술집),성북구 이자카야 배달 맛집,90엔포차,서울 성북구 고려대로26길 55 2층,7,0507-1326-5462,영업 전 18:00에 영업 시작 18시 0분에 영업 시작 펼쳐보기
1024511106,일식,이자카야,1. 일식 (선술집),광진구 이자카야 배달 맛집,서울낙업 건대본점,서울 광진구 동일로22길 117-23 지하1층,6,0507-1385-0071,영업 중 23:30에 라스트오더 23시 30분에 라스트오더 펼쳐보기
1282755585,일식,이자카야,1. 일식 (선술집),광진구 이자카야 배달 맛집,심야식당 후타리,서울 광진구 동일로22길 32,6,0507-1385-6825,영업 중 다음 날 01:00에 영업 종료 다음 날 1시 0분에 영업 종료 펼쳐보기
1739971238,일식,이자카야,1. 일식 (선술집),광진구 이자카야 배달 맛집,육회공작소 세종대본점,서울 광진구 군자로 50 1층 육회공작소 세종대점,6,0507-1363-9335,영업 중 다음 날 05:55에 라스트오더 다음 날 5시 55분에 라스트오더 펼쳐보기
1920013537,일식,이자카야,1. 일식 (선술집),광진구 이자카야 배달 맛집,코이,서울 광진구 아차산로 431 강변sk뷰 102동 B106호,6,0507-1449-1210,영업 전 18:00에 영업 시작 18시 0분에 영업 시작 펼쳐보기
1718483751,일식,이자카야,1. 일식 (선술집),광진구 이자카야 배달 맛집,코후쿠,서울 광진구 아차산로29길 24 2층 코후쿠이자카야,6,0507-1421-3842,영업 중 다음 날 02:00에 영업 종료 다음 날 2시 0분에 영업 종료 펼쳐보기
1935626063,일식,이자카야,1. 일식 (선술집),광진구 이자카야 배달 맛집,환심,서울 광진구 능동로13길 27 지하1층,6,0507-1423-1384,오늘 휴무 매주 화요일 휴무 매주 화요일 휴무 펼쳐보기
1991938450,일식,이자카야,1. 일식 (선술집),동대문구 이자카야 배달 맛집,주로,"서울 동대문구 한빛로 73 상가동1층105,106호",6,0507-1480-3477,영업 중 다음 날 01:30에 라스트오더 다음 날 1시 30분에 라스트오더 펼쳐보기
1098897356,일식,이자카야,1. 일식 (선술집),동대문구 이자카야 배달 맛집,시효 이자카야이자카야,서울 동대문구 장한로14길 8 1층,6,0507-1366-2074,영업 중 24:00에 영업 종료 0시 0분에 영업 종료 펼쳐보기
2080353655,일식,이자카야,1. 일식 (선술집),동대문구 이자카야 배달 맛집,안다미로이자카야,"서울 동대문구 왕산로 92 1층 101, 102호",6,0507-1434-1521,영업 중 23:00에 라스트오더 23시 0분에 라스트오더 펼쳐보기
2015182149,일식,이자카야,1. 일식 (선술집),동대문구 이자카야 배달 맛집,카쿠시아지,서울 동대문구 휘경로2길 5-12 1층,6,0507-1368-4759,영업 중 23:00에 라스트오더 23시 0분에 라스트오더 펼쳐보기
1570886557,일식,이자카야,1. 일식 (선술집),동대문구 이자카야 배달 맛집,청담이상 휘경점,서울 동대문구 망우로14길 10,6,02-2248-2716,영업 중 다음 날 02:00에 라스트오더 다음 날 2시 0분에 라스트오더 펼쳐보기
1981220608,일식,이자카야,1. 일식 (선술집),동대문구 이자카야 배달 맛집,보송보송타코야끼,서울 동대문구 답십리로 82 1층,6,070-8656-0679,오늘 휴무 05/12 휴무 05/12 휴무 펼쳐보기
1590914818,일식,이자카야,1. 일식 (선술집),은평구 이자카야 배달 맛집,사코,서울 은평구 응암로11길 12 1층,3,0507-1462-2247,영업 중 다음 날 01:00에 라스트오더 다음 날 1시 0분에 라스트오더 펼쳐보기
1027409450,일식,이자카야,1. 일식 (선술집),은평구 이자카야 배달 맛집,시선 연신내점,,3,,
35629360,일식,이자카야,1. 일식 (선술집),은평구 이자카야 배달 맛집,마쯔이자카야,,3,,
1828990887,일식,이자카야,1. 일식 (선술집),은평구 이자카야 배달 맛집,"스시남초밥,롤",서울 은평구 통일로83길 5-12 1층 101호,3,0507-1482-0988,영업 중 23:30에 라스트오더 23시 30분에 라스트오더 펼쳐보기
1246417393,일식,이자카야,1. 일식 (선술집),은평구 이자카야 배달 맛집,차차호감,서울 은평구 갈현로36길 19 지하1층,3,0507-1447-9041,오늘 휴무 매주 화요일 휴무 매주 화요일 휴무 펼쳐보기
1041753495,일식,이자카야,1. 일식 (선술집),은평구 이자카야 배달 맛집,호시타코야끼 응암점,서울 은평구 은평로8길 42 1층,3,0507-1410-3023,오늘 휴무 매주 화요일 휴무 매주 화요일 휴무 펼쳐보기
1181196951,일식,이자카야,1. 일식 (선술집),서대문구 이자카야 배달 맛집,생마차 홍제역점,서울 서대문구 통일로37길 4,3,02-391-1993,영업 중 다음 날 04:00에 영업 종료 다음 날 4시 0분에 영업 종료 펼쳐보기
1882563994,일식,이자카야,1. 일식 (선술집),서대문구 이자카야 배달 맛집,달동네곰상 홍제본점,서울 서대문구 통일로 442-11 달동네곰상 홍제본점,3,0507-1312-8041,영업 중 다음 날 01:00에 라스트오더 다음 날 1시 0분에 라스트오더 펼쳐보기
34666411,일식,이자카야,1. 일식 (선술집),서대문구 이자카야 배달 맛집,사까야이자카야,서울 서대문구 연희로 185 한영빌딩,3,0507-1377-6862,영업 중 다음 날 01:00에 영업 종료 다음 날 1시 0분에 영업 종료 펼쳐보기
1807900950,일식,이자카야,1. 일식 (선술집),서대문구 이자카야 배달 맛집,육로,서울 서대문구 통일로39길 6 1 1층,3,070-4189-7280,영업 중 23:00에 영업 종료 23시 0분에 영업 종료 펼쳐보기
1791116457,일식,이자카야,1. 일식 (선술집),서대문구 이자카야 배달 맛집,피터팬퓨전포차요리주점,서울 서대문구 통일로 385 1층,3,0507-1332-6838,영업 중 다음 날 01:00에 영업 종료 다음 날 1시 0분에 영업 종료 펼쳐보기
1801745207,일식,이자카야,1. 일식 (선술집),서대문구 이자카야 배달 맛집,키토키토이자카야,서울 서대문구 응암로 99 1층,3,070-8233-7630,영업 중 다음 날 02:00에 영업 종료 다음 날 2시 0분에 영업 종료 펼쳐보기
1462465086,일식,소바,3. 일식 (우동・소바),강북구 소바 배달 맛집,백소정 수유점일식당,서울 강북구 한천로 1024,7,02-998-9789,영업 중 20:00에 라스트오더 20시 0분에 라스트오더 펼쳐보기
1943190074,일식,소바,3. 일식 (우동・소바),성북구 소바 배달 맛집,특별식당,서울 성북구 개운사길 22-6 2층,7,0507-1319-8371,영업 중 20:30에 라스트오더 20시 30분에 라스트오더 펼쳐보기
78071229,한식,동태탕,8. 한식 (해물 찌개・탕 전문점),강남구 동태탕 배달 맛집,배가네 목포집,서울 강남구 강남대로152길 18 선안빌딩 2층,1,0507-1305-3229,영업 중 23:30에 영업 종료 23시 30분에 영업 종료 펼쳐보기
2054983680,한식,동태탕,8. 한식 (해물 찌개・탕 전문점),강남구 동태탕 배달 맛집,양은이네 선릉역점,서울 강남구 테헤란로43길 19,1,0507-1468-3055,영업 중 22:30에 영업 종료 22시 30분에 영업 종료 펼쳐보기
2044712937,한식,동태탕,8. 한식 (해물 찌개・탕 전문점),강남구 동태탕 배달 맛집,두툼해 도곡,서울 강남구 남부순환로 2806 지하1층,1,0507-1340-2110,영업 중 21:30에 라스트오더 21시 30분에 라스트오더 펼쳐보기
2059549853,한식,동태탕,8. 한식 (해물 찌개・탕 전문점),강남구 동태탕 배달 맛집,민속밀면 강남점한식,서울 강남구 선릉로112길 63 1층 2층,1,02-3443-1888,영업 중 20:30에 라스트오더 20시 30분에 라스트오더 펼쳐보기
1506437174,한식,동태탕,8. 한식 (해물 찌개・탕 전문점),강남구 동태탕 배달 맛집,찬란한아구 강남본점,서울 강남구 강남대로78길 12 2층 찬란한아구 강남본점,1,0507-1361-2929,24시간 영업 펼쳐보기
1932467805,한식,동태탕,8. 한식 (해물 찌개・탕 전문점),서초구 동태탕 배달 맛집,보글이 생태탕왕코다리 양재역점,서울 서초구 강남대로37길 56-18 서초에메랄드빌딩 1층,1,0507-1388-7709,영업 중 21:00에 라스트오더 21시 0분에 라스트오더 펼쳐보기
1353399863,한식,동태탕,8. 한식 (해물 찌개・탕 전문점),서초구 동태탕 배달 맛집,마린보이코다리1번가 개포점,,1,,
1619999128,한식,동태탕,8. 한식 (해물 찌개・탕 전문점),서초구 동태탕 배달 맛집,김영희아구찜&코다리냉면 반포원베일리 직영점,,1,,
2029506402,한식,동태탕,8. 한식 (해물 찌개・탕 전문점),서초구 동태탕 배달 맛집,대찬횟집 교대점,서울 서초구 서초대로52길 17 지하1층,1,02-582-8588,영업 중 21:30에 라스트오더 21시 30분에 라스트오더 펼쳐보기
33877860,한식,동태탕,8. 한식 (해물 찌개・탕 전문점),서초구 동태탕 배달 맛집,"서초아구찜아귀찜,해물찜",서울 서초구 효령로55길 15 벨타워비지니스텔,1,02-522-3673,영업 중 22:00에 영업 종료 22시 0분에 영업 종료 펼쳐보기
20112285,한식,동태탕,8. 한식 (해물 찌개・탕 전문점),서초구 동태탕 배달 맛집,김영희강남동태찜 이수점,서울 서초구 서초대로 3-4 b1 강남동태,1,0507-1304-0890,영업 중 21:30에 라스트오더 21시 30분에 라스트오더 펼쳐보기
2053532982,한식,동태탕,8. 한식 (해물 찌개・탕 전문점),송파구 동태탕 배달 맛집,바다어장 송파점,"서울 송파구 송파대로 201 B동 1층 101, 102, 103호",1,0507-1485-6114,영업 중 23:50에 라스트오더 23시 50분에 라스트오더 펼쳐보기
35915964,한식,동태탕,8. 한식 (해물 찌개・탕 전문점),송파구 동태탕 배달 맛집,오징어집생선회,서울 송파구 백제고분로 280 1층,1,0507-1427-5357,영업 중 다음 날 01:00에 영업 종료 다음 날 1시 0분에 영업 종료 펼쳐보기
20083693,한식,동태탕,8. 한식 (해물 찌개・탕 전문점),송파구 동태탕 배달 맛집,김영희동태찜&코다리냉면 잠실본점,서울 송파구 삼전로 87 김영희동태찜&코다리냉면 잠실본점,1,02-422-5008,영업 중 21:25에 라스트오더 21시 25분에 라스트오더 펼쳐보기
18470534,한식,동태탕,8. 한식 (해물 찌개・탕 전문점),송파구 동태탕 배달 맛집,토방,서울 송파구 토성로6길 7,1,02-488-3320,영업 중 21:00에 영업 종료 21시 0분에 영업 종료 펼쳐보기
38781685,한식,동태탕,8. 한식 (해물 찌개・탕 전문점),송파구 동태탕 배달 맛집,"진짜배기명태촌 문정점해물,생선요리",서울 송파구 문정로 23,1,02-401-1550,영업 중 20:30에 라스트오더 20시 30분에 라스트오더 펼쳐보기
1714002978,한식,동태탕,8. 한식 (해물 찌개・탕 전문점),송파구 동태탕 배달 맛집,착한명태,"서울 송파구 양재대로71길 28 ( 방이동, 대원빌딩) 1층",1,02-412-1656,영업 중 21:00에 영업 종료 21시 0분에 영업 종료 펼쳐보기
1305301531,한식,동태탕,8. 한식 (해물 찌개・탕 전문점),강동구 동태탕 배달 맛집,둥지동태탕 고덕강일점한식,서울 강동구 가래여울길 10 2층 201호,8,02-481-2000,영업 중 20:30에 라스트오더 20시 30분에 라스트오더 펼쳐보기
18658300,한식,동태탕,8. 한식 (해물 찌개・탕 전문점),강동구 동태탕 배달 맛집,송림 동태찜.탕,서울 강동구 강동대로55길 26 1층,8,02-472-7347,영업 중 21:30에 영업 종료 21시 30분에 영업 종료 펼쳐보기
1841993987,한식,동태탕,8. 한식 (해물 찌개・탕 전문점),강동구 동태탕 배달 맛집,알뚝,서울 강동구 진황도로 100 101호 알뚝,8,0507-1423-3816,영업 중 21:15에 라스트오더 21시 15분에 라스트오더 펼쳐보기
1317491467,한식,동태탕,8. 한식 (해물 찌개・탕 전문점),강동구 동태탕 배달 맛집,마시동 강동점한식,서울 강동구 명일로 238,8,02-483-3041,영업 중 21:30에 라스트오더 21시 30분에 라스트오더 펼쳐보기
31353106,한식,동태탕,8. 한식 (해물 찌개・탕 전문점),강동구 동태탕 배달 맛집,바다양푼이동태탕 강동상일점,서울 강동구 상일로5길 3,8,02-426-7959,정보 수정 영업시간 수정 제안하기 추가
1335972205,한식,동태탕,8. 한식 (해물 찌개・탕 전문점),강동구 동태탕 배달 맛집,해물을 찜한날한식,서울 강동구 구천면로 316 1층,8,02-441-0905,영업 중 23:00에 영업 종료 23시 0분에 영업 종료 펼쳐보기
1644160218,한식,동태탕,8. 한식 (해물 찌개・탕 전문점),영등포구 동태탕 배달 맛집,양은이네 영등포역점,서울 영등포구 영신로19길 1 2층,4,0507-1403-8297,영업 중 22:00에 라스트오더 22시 0분에 라스트오더 펼쳐보기
1885199103,한식,동태탕,8. 한식 (해물 찌개・탕 전문점),영등포구 동태탕 배달 맛집,양은이네 영등포구청직영점,서울 영등포구 당산로32길 12 1층,4,0507-1425-1267,영업 중 22:00에 라스트오더 22시 0분에 라스트오더 펼쳐보기
2038079172,한식,동태탕,8. 한식 (해물 찌개・탕 전문점),영등포구 동태탕 배달 맛집,양은이네 선유도역점,서울 영등포구 양평로21길 1 1층,4,0507-1444-5442,영업 중 22:30에 영업 종료 22시 30분에 영업 종료 펼쳐보기
1755043377,한식,동태탕,8. 한식 (해물 찌개・탕 전문점),영등포구 동태탕 배달 맛집,1981 미나리 동태탕,서울 영등포구 도림로 489 1층,4,0507-1473-3419,영업 중 21:30에 라스트오더 21시 30분에 라스트오더 펼쳐보기
1087870997,한식,동태탕,8. 한식 (해물 찌개・탕 전문점),영등포구 동태탕 배달 맛집,마라도아구찜,서울 영등포구 당산로31길 25 1층,4,02-2671-0747,영업 중 21:30에 라스트오더 21시 30분에 라스트오더 펼쳐보기
1547944411,한식,동태탕,8. 한식 (해물 찌개・탕 전문점),영등포구 동태탕 배달 맛집,"해담촌 아구찜해물탕 신길본점아귀찜,해물찜",서울 영등포구 도신로62길 3 1층,4,0507-1336-2632,영업 중 23:30에 라스트오더 23시 30분에 라스트오더 펼쳐보기
1756944559,한식,동태탕,8. 한식 (해물 찌개・탕 전문점),마포구 동태탕 배달 맛집,양은이네 상암직영점,"서울 마포구 월드컵북로48길 29-5 1층 101, 102호",3,02-303-8189,영업 중 22:00에 라스트오더 22시 0분에 라스트오더 펼쳐보기
807065794,한식,동태탕,8. 한식 (해물 찌개・탕 전문점),마포구 동태탕 배달 맛집,동해안생태찌개생선회,서울 마포구 도화길 51,3,0507-1463-3497,영업 중 23:30에 라스트오더 23시 30분에 라스트오더 펼쳐보기
1115466752,한식,동태탕,8. 한식 (해물 찌개・탕 전문점),마포구 동태탕 배달 맛집,찬란한아구 공덕직영점,서울 마포구 마포대로 92 B동 1층 8호,3,0507-1495-2929,영업 중 22:00에 라스트오더 22시 0분에 라스트오더 펼쳐보기
1825043711,한식,동태탕,8. 한식 (해물 찌개・탕 전문점),마포구 동태탕 배달 맛집,어사출또 홍대점,서울 마포구 동교로27길 8 호성빌딩 1층,3,0507-1436-7346,영업 중 22:30에 라스트오더 22시 30분에 라스트오더 펼쳐보기
37992380,한식,동태탕,8. 한식 (해물 찌개・탕 전문점),마포구 동태탕 배달 맛집,"해운해물탕매운탕,해물탕",서울 마포구 독막로 288,3,0504-566-6088,24시간 영업 연중무휴 연중무휴 펼쳐보기
2073553959,한식,동태탕,8. 한식 (해물 찌개・탕 전문점),강서구 동태탕 배달 맛집,양은이네 방화동점,서울 강서구 양천로14길 7 1층,2,0507-1332-3690,영업 중 22:00에 라스트오더 22시 0분에 라스트오더 펼쳐보기
1385525868,한식,동태탕,8. 한식 (해물 찌개・탕 전문점),강서구 동태탕 배달 맛집,등촌식당,서울 강서구 등촌로51길 4 1층 등촌식당,2,0507-1318-8243,영업 중 23:00에 영업 종료 23시 0분에 영업 종료 펼쳐보기
36462431,한식,동태탕,8. 한식 (해물 찌개・탕 전문점),강서구 동태탕 배달 맛집,"바다양푼이동태탕 강서방화점매운탕,해물탕",서울 강서구 양천로 96 1층,2,02-2665-4286,24시간 영업 연중무휴 연중무휴 펼쳐보기
713814942,한식,동태탕,8. 한식 (해물 찌개・탕 전문점),강서구 동태탕 배달 맛집,명태명가 신방화,서울 강서구 초원로 72 1층,2,0507-1355-5050,영업 중 21:00에 라스트오더 21시 0분에 라스트오더 펼쳐보기
1492524137,한식,동태탕,8. 한식 (해물 찌개・탕 전문점),양천구 동태탕 배달 맛집,조선아구찜 본점,서울 양천구 신월로38길 11 . 1층,2,02-2646-8259,영업 중 21:00에 라스트오더 21시 0분에 라스트오더 펼쳐보기
1717899396,한식,동태탕,8. 한식 (해물 찌개・탕 전문점),양천구 동태탕 배달 맛집,동해해물탕한식,서울 양천구 목동로21길 1 1층 동해해물탕,2,02-2604-1999,영업 중 22:00에 영업 종료 22시 0분에 영업 종료 펼쳐보기
19949106,한식,동태탕,8. 한식 (해물 찌개・탕 전문점),양천구 동태탕 배달 맛집,"청정동태탕해물,생선요리",서울 양천구 목동동로 431 우방빌딩 3층 303호,2,0507-1377-0870,영업 중 22:00에 영업 종료 22시 0분에 영업 종료 펼쳐보기
2070589186,한식,동태탕,8. 한식 (해물 찌개・탕 전문점),양천구 동태탕 배달 맛집,양은이네 얼큰동태탕 오징어보쌈 개봉역점,서울 구로구 경인로40길 47 2층 201호,2,0507-1332-5607,영업 중 21:00에 라스트오더 21시 0분에 라스트오더 펼쳐보기
1916392754,한식,동태탕,8. 한식 (해물 찌개・탕 전문점),종로구 동태탕 배달 맛집,"마린보이동태해물찜 코다리1번가해물,생선요리",서울 성동구 무학봉16길 24-2 1층,5,0507-959-7114,영업 중 22:00에 영업 종료 22시 0분에 영업 종료 펼쳐보기
1547550274,한식,동태탕,8. 한식 (해물 찌개・탕 전문점),종로구 동태탕 배달 맛집,"해물명가해물,생선요리",서울 성북구 동소문로15길 1 1층,5,0507-1383-6117,영업 중 21:00에 영업 종료 21시 0분에 영업 종료 펼쳐보기
1874194550,한식,동태탕,8. 한식 (해물 찌개・탕 전문점),종로구 동태탕 배달 맛집,동태한그릇,"서울 강북구 솔매로50길 29 1, 2층",5,02-983-1117,영업 중 21:00에 라스트오더 21시 0분에 라스트오더 펼쳐보기
1286254170,한식,동태탕,8. 한식 (해물 찌개・탕 전문점),종로구 동태탕 배달 맛집,"미각아구동태해물찜 탕아귀찜,해물찜",서울 성북구 보국문로 54-1 1층,5,02-909-2959,영업 중 20:00에 라스트오더 20시 0분에 라스트오더 펼쳐보기
1432003474,한식,동태탕,8. 한식 (해물 찌개・탕 전문점),종로구 동태탕 배달 맛집,"마린보이 코다리1번가 정릉점해물,생선요리",서울 성북구 정릉로 330,5,02-941-6897,영업 중 22:00에 영업 종료 22시 0분에 영업 종료 펼쳐보기
19717786,한식,동태탕,8. 한식 (해물 찌개・탕 전문점),종로구 동태탕 배달 맛집,호남해물탕,서울 강북구 한천로139길 42 영남빌딩 104호,5,02-996-7582,영업 중 다음 날 06:00에 영업 종료 다음 날 6시 0분에 영업 종료 펼쳐보기
13585656,한식,동태탕,8. 한식 (해물 찌개・탕 전문점),중구 동태탕 배달 맛집,어두리 본점한식,,5,042-524-9290,영업 중 21:00에 라스트오더 21시 0분에 라스트오더 펼쳐보기
1216927307,한식,동태탕,8. 한식 (해물 찌개・탕 전문점),중구 동태탕 배달 맛집,곰수산종합수산물센터,,5,042-525-9279,영업 중 23:00에 영업 종료 23시 0분에 영업 종료 펼쳐보기
1710919273,한식,동태탕,8. 한식 (해물 찌개・탕 전문점),중구 동태탕 배달 맛집,알찬하루 태평점한식,,5,042-535-7772,오늘 휴무 매주 화요일 휴무 매주 화요일 휴무 펼쳐보기
1611456392,한식,동태탕,8. 한식 (해물 찌개・탕 전문점),중구 동태탕 배달 맛집,"김태연국민 동태탕,찜한식",,5,0507-1383-5859,영업 중 21:00에 영업 종료 21시 0분에 영업 종료 펼쳐보기
1119227836,한식,동태탕,8. 한식 (해물 찌개・탕 전문점),중구 동태탕 배달 맛집,곰수산회수산물센타 괴정점,,5,042-535-8117,영업 중 다음 날 01:50에 영업 종료 다음 날 1시 50분에 영업 종료 펼쳐보기
1872661584,한식,동태탕,8. 한식 (해물 찌개・탕 전문점),용산구 동태탕 배달 맛집,"배부장찌개 이태원점찌개,전골",서울 용산구 이태원동 보광로59길 10,5,070-4833-6753,24시간 영업 연중무휴 연중무휴 펼쳐보기
1957092853,한식,동태탕,8. 한식 (해물 찌개・탕 전문점),용산구 동태탕 배달 맛집,풍미식당한식,서울 용산구 후암로 73 2층 풍미식당,5,02-3789-7926,영업 중 21:00에 라스트오더 21시 0분에 라스트오더 펼쳐보기
1319994088,한식,동태탕,8. 한식 (해물 찌개・탕 전문점),성동구 동태탕 배달 맛집,푸른바다생선구이,서울 성동구 무학로2나길 28,6,02-2298-0244,영업 중 20:50에 라스트오더 20시 50분에 라스트오더 펼쳐보기
13418728,한식,동태탕,8. 한식 (해물 찌개・탕 전문점),성동구 동태탕 배달 맛집,"바람부리명태찜 금호점해물,생선요리",서울 성동구 무수막길 3 102호,6,0507-1497-8189,오늘 휴무 매주 화요일 휴무 매주 화요일 휴무 펼쳐보기
17924348,한식,동태탕,8. 한식 (해물 찌개・탕 전문점),성동구 동태탕 배달 맛집,"생태한마리해물,생선요리",서울 성동구 뚝섬로 408-7,6,02-464-6640,영업 중 20:00에 라스트오더 20시 0분에 라스트오더 펼쳐보기
978480649,한식,동태탕,8. 한식 (해물 찌개・탕 전문점),성동구 동태탕 배달 맛집,정봉자당진아구동태찜탕,서울 동대문구 장한로 162 1층(봉자아구해물찜탕),6,0507-1312-6494,영업 중 22:00에 영업 종료 22시 0분에 영업 종료 펼쳐보기
1259135745,한식,동태탕,8. 한식 (해물 찌개・탕 전문점),성동구 동태탕 배달 맛집,배부장찌개 신당점한식,서울 중구 퇴계로73길 28 1층,5,,"영업 중 다음 날 11:00에 영업 종료 다음 날 11시 0분에 영업 종료 펼쳐보기 홈페이지 https://www.instagram.com/heungindong145 편의 예약, 포장, 배달, 남/녀 화장실 구분, 무선 인터넷 정보 더보기 AI 브리핑 실험 단계로 정확"
38322052,한식,동태탕,8. 한식 (해물 찌개・탕 전문점),노원구 동태탕 배달 맛집,이어도생선구이,서울 노원구 동일로242가길 22 105호,7,02-938-3392,영업 중 20:30에 라스트오더 20시 30분에 라스트오더 펼쳐보기
12069466,한식,동태탕,8. 한식 (해물 찌개・탕 전문점),노원구 동태탕 배달 맛집,원명품생태 본점,서울 노원구 노해로75길 14-27 태성빌딩 1층,7,0507-1364-4208,영업 중 22:00에 라스트오더 22시 0분에 라스트오더 펼쳐보기
19867567,한식,동태탕,8. 한식 (해물 찌개・탕 전문점),노원구 동태탕 배달 맛집,생선까시,서울 노원구 동일로191가길 22 1층 생선까시,7,0507-1393-9294,영업 중 21:30에 라스트오더 21시 30분에 라스트오더 펼쳐보기
32591500,한식,동태탕,8. 한식 (해물 찌개・탕 전문점),노원구 동태탕 배달 맛집,어장촌생선구이 본점,서울 노원구 노해로75길 14-17,7,02-938-3456,24시간 영업 연중무휴 연중무휴 펼쳐보기
20451488,한식,동태탕,8. 한식 (해물 찌개・탕 전문점),노원구 동태탕 배달 맛집,오메가생선구이 본점,서울 노원구 화랑로 343,7,02-975-5592,영업 중 21:00에 영업 종료 21시 0분에 영업 종료 펼쳐보기
18064327,한식,동태탕,8. 한식 (해물 찌개・탕 전문점),노원구 동태탕 배달 맛집,명천동태찜 낙지볶음,"서울 노원구 동일로203가길 29 128호, 129호",7,02-948-0338,영업 중 20:45에 라스트오더 20시 45분에 라스트오더 펼쳐보기
11889904,한식,동태탕,8. 한식 (해물 찌개・탕 전문점),강북구 동태탕 배달 맛집,미삼참치,서울 강북구 도봉로10길 22 1층,7,0507-1382-0764,영업 중 24:00에 영업 종료 0시 0분에 영업 종료 펼쳐보기
1271223113,한식,동태탕,8. 한식 (해물 찌개・탕 전문점),강북구 동태탕 배달 맛집,박순이당진아구동태찜탕 미아역점,서울 강북구 도봉로 201,7,02-985-7878,영업 중 22:00에 영업 종료 22시 0분에 영업 종료 펼쳐보기
20891201,한식,동태탕,8. 한식 (해물 찌개・탕 전문점),강북구 동태탕 배달 맛집,압구정찌개마을 직영점,서울 강북구 솔매로 106-1 1층 압구정찌개마을,7,0507-1424-6363,오늘 휴무 매주 화요일 휴무 매주 화요일 휴무 펼쳐보기
1410879046,한식,동태탕,8. 한식 (해물 찌개・탕 전문점),강북구 동태탕 배달 맛집,배부장찌개 솔샘미아점,서울 강북구 삼양로27길 80 아파트상가 배부장찌개 솔샘미아점,7,02-989-8800,영업 중 23:00에 영업 종료 23시 0분에 영업 종료 펼쳐보기
